,Dato,Hjemmelag,Bortelag,Tilskuertall,Mål_hjemmelag,Mål_bortelag,Resultat,Form1,Form3,Form5,Mål forrige hjemmekamp,TV-kanal,Ukedag,16. mai,Derby,Temp,Vind,Precip,Temp.dist,Wind.dist,Precip.dist
0,01.04.2017,Kristiansund BK,Molde,4 106,0,1,T,Første kamp i sesongen,For få kamper,For få kamper,Første hjemmekamp i sesongen,Eurosport Norge,6,0,1.0,3.9,0.7,10.5,35.13357889282683,35.13357889282683,57.666536794393146
1,02.04.2017,Lillestrøm,Sandefjord,8 503,2,1,V,Første kamp i sesongen,For få kamper,For få kamper,Første hjemmekamp i sesongen,Eurosport Player,7,0,,5.3,1.1,3.3,52.678549110759114,52.678549110759114,53.816663086609736
2,02.04.2017,Tromsø,Brann,3 264,1,1,U,Første kamp i sesongen,For få kamper,For få kamper,Første hjemmekamp i sesongen,Eurosport Norge,7,0,,-7.3,1.6,0,37.717269397763395,42.09709051550441,113.35405751673258
3,02.04.2017,Sarpsborg 08,Sogndal,4 402,3,1,V,Første kamp i sesongen,For få kamper,For få kamper,Første hjemmekamp i sesongen,Eurosport Player,7,0,,5.1,1.8,0,24.701992008855296,24.701992008855296,31.526486811123842
4,02.04.2017,Stabæk,Aalesund,4 049,3,1,V,Første kamp i sesongen,For få kamper,For få kamper,Første hjemmekamp i sesongen,Eurosport Player,7,0,,-,-,-,,,
5,02.04.2017,Strømsgodset,Haugesund,5 575,3,1,V,Første kamp i sesongen,For få kamper,For få kamper,Første hjemmekamp i sesongen,Eurosport Player,7,0,,4.2,0.3,0,8.913903973274172,8.913903973274172,8.913903973274172
6,02.04.2017,Rosenborg,Odd,16 804,3,0,V,Første kamp i sesongen,For få kamper,For få kamper,Første hjemmekamp i sesongen,Eurosport Norge,7,0,,5.5,1.9,4,14.23851324410345,13.603099865910426,14.23851324410345
7,03.04.2017,Vålerenga,Viking,8 559,1,0,V,Første kamp i sesongen,For få kamper,For få kamper,Første hjemmekamp i sesongen,MAX,1,0,,5.5,0.6,0,8.216462809598152,7.095469626515939,6.568700558666896
8,05.04.2017,Sandefjord,Rosenborg,6 103,0,3,T,V,For få kamper,For få kamper,Første hjemmekamp i sesongen,MAX,3,0,,-,-,-,,,
9,05.04.2017,Molde,Lillestrøm,6 635,2,1,V,V,For få kamper,For få kamper,Første hjemmekamp i sesongen,Eurosport Norge,3,0,,-1.4,12.9,21.2,38.887766885616344,38.887766885616344,8.826837923081913
10,05.04.2017,Aalesund,Sarpsborg 08,5 363,1,3,T,V,For få kamper,For få kamper,Første hjemmekamp i sesongen,Eurosport Player,3,0,,3.2,3.9,15.4,33.10719025177605,33.10719025177605,2.6058748176459994
11,05.04.2017,Odd,Kristiansund BK,9 049,2,0,V,V,For få kamper,For få kamper,Første hjemmekamp i sesongen,Eurosport Player,3,0,,3.2,4.4,0,13.115007011078326,13.115007011078326,11.949518975619416
12,05.04.2017,Sogndal,Stabæk,2 237,4,1,V,V,For få kamper,For få kamper,Første hjemmekamp i sesongen,Eurosport Player,3,0,,3.4,8.9,30.2,48.94796949425968,48.94796949425968,48.94796949425968
13,06.04.2017,Brann,Strømsgodset,8 706,3,0,V,V,For få kamper,For få kamper,Første hjemmekamp i sesongen,MAX,4,0,,4.6,1.7,6,12.167235925062082,16.849946387066986,10.850327030298939
14,06.04.2017,Haugesund,Vålerenga,4 421,4,3,V,V,For få kamper,For få kamper,Første hjemmekamp i sesongen,Eurosport Norge,4,0,,3.5,0.5,19.8,26.57988818367971,18.69480043695725,5.46538547670551
15,06.04.2017,Viking,Tromsø,6 321,1,2,T,U,For få kamper,For få kamper,Første hjemmekamp i sesongen,Eurosport Player,4,0,,5.5,3.8,0.2,11.227874911754627,10.926791620396628,8.710488394410426
16,08.04.2017,Rosenborg,Molde,20 843,2,1,V,V,For få kamper,For få kamper,3,Eurosport Norge,6,0,,1.2,2.5,3.2,14.23851324410345,14.23851324410345,14.23851324410345
17,09.04.2017,Vålerenga,Sandefjord,6 778,1,2,T,T,For få kamper,For få kamper,1,Eurosport Norge,7,0,,6.5,0.6,0,8.216462809598152,7.095469626515939,6.568700558666896
18,09.04.2017,Lillestrøm,Haugesund,5 090,0,2,T,V,For få kamper,For få kamper,2,Eurosport Player,7,0,,5.9,5.5,0,52.678549110759114,52.678549110759114,53.816663086609736
19,09.04.2017,Sarpsborg 08,Viking,4 330,3,0,V,T,For få kamper,For få kamper,3,Eurosport Player,7,0,,-0.5,1.7,0.2,24.701992008855296,33.203082435582665,31.526486811123842
20,09.04.2017,Stabæk,Odd,3 721,2,0,V,V,For få kamper,For få kamper,3,Eurosport Player,7,0,,-,-,-,,,
21,09.04.2017,Tromsø,Sogndal,3 082,3,0,V,V,For få kamper,For få kamper,1,Eurosport Player,7,0,,-2.6,13.9,0,37.717269397763395,42.09709051550441,113.35405751673258
22,09.04.2017,Strømsgodset,Aalesund,5 813,1,1,U,T,For få kamper,For få kamper,3,Eurosport Norge,7,0,,5.9,0.5,0,8.913903973274172,8.913903973274172,8.913903973274172
23,10.04.2017,Kristiansund BK,Brann,3 905,1,0,V,V,For få kamper,For få kamper,0,MAX,1,0,,2,1.2,13.5,35.13357889282683,35.13357889282683,57.666536794393146
24,17.04.2017,Molde,Vålerenga,7 226,4,0,V,V,VVT,For få kamper,2,MAX,1,0,,-2.7,2.9,0,38.887766885616344,38.887766885616344,8.826837923081913
25,17.04.2017,Brann,Haugesund,11 348,3,1,V,T,TVV,For få kamper,3,Eurosport Norge,1,0,,-0.3,2.6,3.1,12.167235925062082,16.849946387066986,10.850327030298939
26,17.04.2017,Aalesund,Lillestrøm,5 370,3,1,V,T,TVV,For få kamper,1,Eurosport Player,1,0,,-1,0.4,0,33.10719025177605,33.10719025177605,2.6058748176459994
27,17.04.2017,Sandefjord,Kristiansund BK,3 356,2,0,V,T,TTV,For få kamper,0,Eurosport Player,1,0,,-,-,-,,,
28,17.04.2017,Sogndal,Strømsgodset,2 482,1,1,U,V,VVV,For få kamper,4,Eurosport Player,1,0,,2.2,0.4,0,48.94796949425968,10.251308363144716,48.94796949425968
29,17.04.2017,Stabæk,Sarpsborg 08,3 870,3,0,V,V,VTV,For få kamper,2,Eurosport Player,1,0,,-,-,-,,,
30,17.04.2017,Viking,Rosenborg,6 804,0,1,T,V,VTV,For få kamper,1,MAX,1,0,,1.2,0.5,0.8,11.227874911754627,10.926791620396628,8.710488394410426
31,17.04.2017,Odd,Tromsø,6 272,1,0,V,V,VVV,For få kamper,2,Eurosport Norge,1,0,,1.7,1.6,0,13.115007011078326,13.115007011078326,11.949518975619416
32,22.04.2017,Strømsgodset,Sandefjord,6 375,1,0,V,V,VTT,For få kamper,1,Eurosport Norge,6,0,,5,1.6,0,8.913903973274172,8.913903973274172,8.913903973274172
33,23.04.2017,Rosenborg,Aalesund,16 948,0,0,U,V,VUT,For få kamper,2,Eurosport Norge,7,0,,3.5,1.8,0,13.603099865910426,14.23851324410345,14.23851324410345
34,23.04.2017,Sarpsborg 08,Kristiansund BK,4 091,5,1,V,V,VVT,For få kamper,3,Eurosport Player,7,0,,-4.5,4.9,0,24.701992008855296,33.203082435582665,31.526486811123842
35,23.04.2017,Tromsø,Stabæk,3 447,0,3,T,V,VVV,For få kamper,3,Eurosport Player,7,0,,-1.6,7.1,0,37.717269397763395,42.09709051550441,113.35405751673258
36,23.04.2017,Viking,Odd,6 914,3,0,V,V,VVV,For få kamper,0,Eurosport Player,7,0,,2.9,7.8,1.3,11.227874911754627,10.926791620396628,8.710488394410426
37,23.04.2017,Vålerenga,Sogndal,5 844,3,0,V,U,UVV,For få kamper,1,Eurosport Player,7,0,,2.4,4.2,0,8.216462809598152,7.095469626515939,6.568700558666896
38,23.04.2017,Lillestrøm,Brann,5 777,0,2,T,V,VTV,For få kamper,0,Eurosport Norge,7,0,,4.5,3.3,0,52.678549110759114,52.678549110759114,53.328534614890636
39,24.04.2017,Haugesund,Molde,3 788,0,0,U,V,VTV,For få kamper,4,MAX,1,0,,6,4.4,16.8,26.57988818367971,18.69480043695725,5.46538547670551
40,29.04.2017,Brann,Viking,12 613,1,1,U,T,TVV,TVVVU,3,Eurosport Norge,6,0,,3.5,1.7,0,12.167235925062082,16.849946387066986,10.850327030298939
41,30.04.2017,Aalesund,Tromsø,5 562,3,1,V,T,TVV,TVVTU,3,Eurosport Norge,7,0,,-0.1,1.1,0,33.10719025177605,33.10719025177605,2.6058748176459994
42,30.04.2017,Kristiansund BK,Strømsgodset,3 658,2,0,V,V,VVV,VVVVT,1,Eurosport Player,7,0,,-0.2,1,0,35.13357889282683,18.251197865960034,57.666536794393146
43,30.04.2017,Sandefjord,Molde,4 340,3,3,U,V,VVT,VVTTV,2,Eurosport Player,7,0,,-,-,-,,,
44,30.04.2017,Sogndal,Lillestrøm,3 024,0,1,T,T,TVT,TVTVV,1,Eurosport Player,7,0,,4.7,3,0,48.94796949425968,48.94796949425968,48.94796949425968
45,30.04.2017,Stabæk,Haugesund,4 001,0,3,T,U,UVT,UVTVV,3,Eurosport Player,7,0,,-,-,-,,,
46,30.04.2017,Odd,Vålerenga,7 673,2,1,V,V,VVV,VVVVV,1,Eurosport Norge,7,0,,1.4,1.9,0,13.115007011078326,13.115007011078326,11.949518975619416
47,01.05.2017,Sarpsborg 08,Rosenborg,5 759,1,2,T,V,VVV,VVVTV,5,MAX,1,0,,-1.5,2.1,0.2,24.701992008855296,33.203082435582665,31.526486811123842
48,06.05.2017,Molde,Aalesund,9 488,0,1,T,V,VUV,VUVUT,4,Eurosport Norge,6,0,1.0,9.6,2.7,0,38.887766885616344,38.887766885616344,8.826837923081913
49,07.05.2017,Vålerenga,Stabæk,6 968,1,1,U,T,TTV,TTVVV,3,Eurosport Norge,7,0,1.0,13.7,2.2,1.9,8.216462809598152,7.095469626515939,6.568700558666896
50,07.05.2017,Haugesund,Sogndal,4 627,0,0,U,T,TVU,TVUVV,0,Eurosport Player,7,0,,7.6,0.2,0,26.57988818367971,18.69480043695725,5.46538547670551
51,07.05.2017,Strømsgodset,Sarpsborg 08,6 251,1,1,U,T,TVV,TVVVT,1,Eurosport Player,7,0,,13.1,1.7,3.6,8.913903973274172,8.913903973274172,8.913903973274172
52,07.05.2017,Tromsø,Kristiansund BK,3 068,1,1,U,V,VTV,VTVVT,0,Eurosport Player,7,0,,-5.7,9.6,6,42.09709051550441,42.09709051550441,113.35405751673258
53,07.05.2017,Viking,Sandefjord,7 261,0,2,T,U,UVV,UVVTT,3,Eurosport Player,7,0,,7,2.4,0,11.227874911754627,10.926791620396628,8.710488394410426
54,07.05.2017,Rosenborg,Brann,17 020,2,1,V,T,TUT,TUTVT,0,TVNorge,7,0,,3,0.3,0,14.23851324410345,14.23851324410345,14.23851324410345
55,08.05.2017,Lillestrøm,Odd,4 527,0,1,T,T,TTV,TTVTV,0,MAX,1,0,,6.6,4.9,0,52.678549110759114,52.678549110759114,53.328534614890636
56,12.05.2017,Aalesund,Vålerenga,7 500,0,1,T,T,TVU,TVUVU,3,MAX,5,0,,1.5,0.6,0,33.10719025177605,50.72023780295581,2.6058748176459994
57,13.05.2017,Stabæk,Rosenborg,4 938,0,0,U,U,UTT,UTTVV,0,MAX,6,0,,-,-,-,,,
58,13.05.2017,Odd,Strømsgodset,6 994,2,0,V,T,TVV,TVVVV,2,Eurosport Norge,6,0,,5.7,1.6,0.5,13.115007011078326,13.115007011078326,11.949518975619416
59,13.05.2017,Kristiansund BK,Lillestrøm,3 794,1,1,U,T,TTT,TTTVT,2,Eurosport Player,6,0,,5,1.4,0,35.13357889282683,35.13357889282683,57.666536794393146
60,13.05.2017,Sandefjord,Haugesund,3 167,2,0,V,U,UTU,UTUVT,3,Eurosport Player,6,0,,-,-,-,,,
61,13.05.2017,Sarpsborg 08,Tromsø,4 395,1,1,U,U,UTV,UTVVV,1,Eurosport Player,6,0,,-1.1,5.6,1.8,24.701992008855296,33.203082435582665,31.526486811123842
62,13.05.2017,Sogndal,Viking,2 512,4,0,V,U,UTV,UTVUV,0,Eurosport Player,6,0,,9.3,4.3,0,48.94796949425968,48.94796949425968,48.94796949425968
63,13.05.2017,Brann,Molde,10 227,4,1,V,T,TUU,TUUVV,1,Eurosport Norge,6,0,,6.1,0.7,0,12.167235925062082,20.31757324017557,10.850327030298939
64,16.05.2017,Brann,Sandefjord,17 009,5,0,V,V,VTU,VTUVV,4,MAX,2,1,,11.4,6,1.8,12.167235925062082,16.849946387066986,10.850327030298939
65,16.05.2017,Vålerenga,Kristiansund BK,7 226,1,0,V,U,UUV,UUVVV,1,Eurosport Norge,2,1,,7.3,3.2,7.8,8.216462809598152,7.095469626515939,6.568700558666896
66,16.05.2017,Haugesund,Odd,4 342,0,2,T,V,VUT,VUTUV,0,Eurosport Player,2,1,,9.6,0.3,2.6,26.57988818367971,18.69480043695725,5.46538547670551
67,16.05.2017,Lillestrøm,Sarpsborg 08,5 421,1,2,T,U,UTT,UTTTV,0,Eurosport Player,2,1,,10,1.4,10.8,52.678549110759114,52.678549110759114,53.328534614890636
68,16.05.2017,Molde,Sogndal,7 106,1,2,T,V,VUT,VUTVU,0,Eurosport Player,2,1,,9.1,6.1,3.8,38.887766885616344,38.887766885616344,8.826837923081913
69,16.05.2017,Viking,Aalesund,8 431,1,2,T,T,TTV,TTVUV,0,Eurosport Player,2,1,,11.1,10.5,0.6,11.227874911754627,10.926791620396628,8.710488394410426
70,16.05.2017,Rosenborg,Tromsø,21 112,1,2,T,U,UUV,UUVTV,2,MAX,2,1,,5.8,2.8,0,14.23851324410345,14.23851324410345,14.23851324410345
71,16.05.2017,Strømsgodset,Stabæk,6 565,1,2,T,U,UUT,UUTTV,1,Eurosport Norge,2,1,,7.5,0.7,10.8,8.913903973274172,8.913903973274172,8.913903973274172
72,20.05.2017,Rosenborg,Lillestrøm,18 947,1,1,U,T,TUT,TUTTT,1,MAX,6,0,,7.4,3.9,0,14.23851324410345,14.23851324410345,14.23851324410345
73,20.05.2017,Sogndal,Brann,5 600,2,3,T,T,TVU,TVUTV,4,Eurosport Norge,6,0,,13.9,5.4,0,48.94796949425968,48.94796949425968,48.94796949425968
74,21.05.2017,Sarpsborg 08,Vålerenga,5 301,2,0,V,T,TUU,TUUTV,1,Eurosport Norge,7,0,,10.2,2.4,0,24.701992008855296,24.701992008855296,31.526486811123842
75,21.05.2017,Aalesund,Sandefjord,5 284,2,0,V,V,VVT,VVTUV,0,Eurosport Player,7,0,,9.2,3.7,4,33.10719025177605,33.10719025177605,2.6058748176459994
76,21.05.2017,Kristiansund BK,Haugesund,3 392,3,2,V,T,TVU,TVUTU,1,Eurosport Player,7,0,,9.3,1.1,0,35.13357889282683,35.13357889282683,57.666536794393146
77,21.05.2017,Tromsø,Strømsgodset,3 299,1,1,U,T,TUU,TUUVT,1,Eurosport Player,7,0,,4.4,8.3,1,37.717269397763395,42.09709051550441,113.35405751673258
78,21.05.2017,Odd,Molde,7 147,1,2,T,T,TVT,TVTVV,2,Eurosport Norge,7,0,,13.8,1.6,0,13.115007011078326,13.115007011078326,11.949518975619416
79,22.05.2017,Stabæk,Viking,3 644,1,1,U,T,TUU,TUUTT,0,MAX,1,0,,-,-,-,,,
80,27.05.2017,Sandefjord,Odd,3 736,0,0,U,V,VVV,VVVTU,2,Eurosport Norge,6,0,,-,-,-,,,
81,28.05.2017,Brann,Aalesund,12 019,1,1,U,V,VTT,VTTTV,5,Eurosport Norge,7,0,,17.7,3.1,0,12.167235925062082,16.849946387066986,10.850327030298939
82,28.05.2017,Haugesund,Sarpsborg 08,4 004,0,0,U,V,VTV,VTVUT,0,Eurosport Player,7,0,,16.7,4.5,0,26.57988818367971,26.95655782151073,5.46538547670551
83,28.05.2017,Kristiansund BK,Sogndal,3 509,1,1,U,T,TTV,TTVUT,3,Eurosport Player,7,0,,12.4,1,0,35.13357889282683,35.13357889282683,57.666536794393146
84,28.05.2017,Lillestrøm,Tromsø,5 468,4,1,V,U,UTU,UTUTT,1,Eurosport Player,7,0,,10.9,2.7,0.1,52.678549110759114,52.678549110759114,53.328534614890636
85,28.05.2017,Molde,Stabæk,7 281,3,1,V,U,UTU,UTUUT,1,Eurosport Player,7,0,,15.3,4.8,0,38.887766885616344,38.887766885616344,8.826837923081913
86,28.05.2017,Vålerenga,Rosenborg,13 827,1,1,U,U,UTU,UTUVT,1,TVNorge,7,0,,14.5,1.3,0,8.216462809598152,7.095469626515939,6.568700558666896
87,29.05.2017,Strømsgodset,Viking,5 652,4,2,V,U,UTV,UTVUV,1,MAX,1,0,,11.8,0.1,0.2,8.913903973274172,8.913903973274172,8.913903973274172
88,03.06.2017,Tromsø,Vålerenga,3 539,2,4,T,V,VUT,VUTUU,1,Eurosport Norge,6,0,,2,6.7,0,37.717269397763395,42.09709051550441,113.35405751673258
89,03.06.2017,Stabæk,Lillestrøm,3 604,2,4,T,V,VUT,VUTUT,1,Eurosport Norge,6,0,,-,-,-,,,
90,04.06.2017,Rosenborg,Strømsgodset,15 974,3,1,V,V,VUT,VUTVU,1,MAX,7,0,,8.2,0.6,2.4,14.23851324410345,3.829869161026906,14.23851324410345
91,04.06.2017,Sarpsborg 08,Molde,4 648,1,0,V,U,UVT,UVTUU,2,Eurosport Norge,7,0,,10.5,1.8,1.2,24.701992008855296,24.701992008855296,31.526486811123842
92,04.06.2017,Aalesund,Haugesund,5 764,0,1,T,U,UVT,UVTVU,2,Eurosport Player,7,0,,7.2,2.6,0.8,33.10719025177605,33.10719025177605,2.6058748176459994
93,04.06.2017,Sogndal,Sandefjord,2 463,3,2,V,U,UTT,UTTVU,2,Eurosport Player,7,0,,12,2.3,10.6,48.94796949425968,48.94796949425968,48.94796949425968
94,04.06.2017,Viking,Kristiansund BK,7 261,2,1,V,U,UVV,UVVUU,1,Eurosport Player,7,0,,11.6,2,6,11.227874911754627,10.926791620396628,8.710488394410426
95,04.06.2017,Odd,Brann,7 828,0,0,U,U,UTT,UTTVT,1,Eurosport Norge,7,0,,9.1,0.7,1.3,13.115007011078326,13.115007011078326,11.949518975619416
96,17.06.2017,Kristiansund BK,Aalesund,4 033,1,1,U,V,VUV,VUVVU,1,Eurosport Norge,6,0,,7.9,1.9,1.6,35.13357889282683,18.251197865960034,57.666536794393146
97,18.06.2017,Haugesund,Rosenborg,5 385,1,0,V,T,TUV,TUVTV,0,Eurosport Norge,7,0,,14.1,0.1,8.8,26.57988818367971,18.69480043695725,5.291335114828507
98,18.06.2017,Lillestrøm,Viking,5 714,1,0,V,T,TVU,TVUTU,4,Eurosport Player,7,0,,16.2,3.1,0,52.678549110759114,52.678549110759114,53.328534614890636
99,18.06.2017,Molde,Tromsø,7 756,3,0,V,T,TVU,TVUTU,3,Eurosport Player,7,0,,9.5,5.8,2.9,38.887766885616344,38.887766885616344,8.826837923081913
100,18.06.2017,Sandefjord,Sarpsborg 08,3 893,1,0,V,V,VUV,VUVTU,0,Eurosport Player,7,0,,-,-,-,,,
101,18.06.2017,Sogndal,Odd,2 459,0,0,U,V,VUT,VUTTV,3,Eurosport Player,7,0,,11.7,0.4,5.2,48.94796949425968,48.94796949425968,48.94796949425968
102,18.06.2017,Vålerenga,Strømsgodset,8 049,1,1,U,V,VVU,VVUTV,1,TVNorge,7,0,1.0,16.5,1.1,0,8.216462809598152,7.095469626515939,6.568700558666896
103,19.06.2017,Brann,Stabæk,10 531,5,0,V,T,TVU,TVUTU,1,MAX,1,0,,12.1,4.7,4,12.167235925062082,16.849946387066986,10.850327030298939
104,24.06.2017,Vålerenga,Lillestrøm,11 407,3,1,V,V,VTV,VTVUT,1,Eurosport Norge,6,0,1.0,15.2,2.4,0.6,8.216462809598152,7.095469626515939,6.568700558666896
105,25.06.2017,Sarpsborg 08,Brann,5 759,1,1,U,V,VVU,VVUVT,1,Eurosport Norge,7,0,,10.7,2.6,0,24.701992008855296,24.701992008855296,31.526486811123842
106,25.06.2017,Aalesund,Odd,5 537,5,1,V,U,UUU,UUUTT,0,Eurosport Player,7,0,,10.6,3.2,0.7,33.10719025177605,33.10719025177605,12.945694350130792
107,25.06.2017,Rosenborg,Sogndal,17 545,3,0,V,U,UVU,UVUTT,3,Eurosport Player,7,0,,7.3,0.2,0,14.23851324410345,13.603099865910426,14.23851324410345
108,25.06.2017,Stabæk,Kristiansund BK,3 835,1,4,T,V,VTV,VTVUT,2,Eurosport Player,7,0,,-,-,-,,,
109,25.06.2017,Tromsø,Sandefjord,3 555,1,1,U,V,VVU,VVUVV,2,Eurosport Player,7,0,,7.9,3.6,0.2,37.717269397763395,42.09709051550441,113.35405751673258
110,25.06.2017,Viking,Haugesund,8 234,1,1,U,V,VTU,VTUVT,2,Eurosport Norge,7,0,1.0,12.1,3.9,12.9,11.227874911754627,10.926791620396628,8.710488394410426
111,26.06.2017,Strømsgodset,Molde,6 372,1,1,U,V,VVV,VVVTT,4,MAX,1,0,,10.7,0.3,0,8.913903973274172,8.913903973274172,8.913903973274172
112,01.07.2017,Lillestrøm,Strømsgodset,5 634,2,0,V,V,VVT,VVTVU,1,Eurosport Norge,6,0,,12.5,2.9,0,52.678549110759114,52.678549110759114,53.328534614890636
113,01.07.2017,Sogndal,Aalesund,5 089,1,0,V,V,VUV,VUVUT,0,Eurosport Norge,6,0,,16.3,2.7,0,48.94796949425968,48.94796949425968,48.94796949425968
114,02.07.2017,Molde,Viking,7 831,3,2,V,U,UVV,UVVVT,3,Eurosport Norge,7,0,,6.9,0.7,5.4,38.887766885616344,38.887766885616344,8.826837923081913
115,02.07.2017,Haugesund,Tromsø,4 077,2,0,V,U,UVT,UVTUV,1,Eurosport Player,7,0,,11.7,3.1,0.5,26.57988818367971,26.95655782151073,5.46538547670551
116,02.07.2017,Odd,Sarpsborg 08,7 201,0,0,U,U,UVV,UVVUV,0,Eurosport Player,7,0,,17.8,1.1,0,13.115007011078326,13.115007011078326,11.949518975619416
117,02.07.2017,Sandefjord,Stabæk,3 882,1,2,T,U,UVV,UVVUV,1,Eurosport Player,7,0,,-,-,-,,,
118,02.07.2017,Brann,Vålerenga,16 136,0,0,U,U,UVU,UVUUT,5,Eurosport Norge,7,0,,12.2,3.7,2,12.167235925062082,16.849946387066986,10.850327030298939
119,03.07.2017,Kristiansund BK,Rosenborg,4 126,3,3,U,T,TUV,TUVUV,1,MAX,1,0,,8.7,1.2,25.2,35.13357889282683,35.13357889282683,57.666536794393146
120,08.07.2017,Rosenborg,Sandefjord,16 571,5,1,V,T,TUV,TUVVU,3,MAX,6,0,,12.1,2.2,8,14.23851324410345,3.829869161026906,14.23851324410345
121,08.07.2017,Aalesund,Molde,9 062,0,3,T,V,VVU,VVUTU,5,MAX,6,0,1.0,10.8,3.5,4,33.10719025177605,33.10719025177605,12.945694350130792
122,09.07.2017,Viking,Sogndal,7 238,1,1,U,V,VVU,VVUVU,1,MAX,7,0,,9.3,1.6,0,11.227874911754627,10.926791620396628,8.710488394410426
123,09.07.2017,Strømsgodset,Kristiansund BK,6 131,4,2,V,U,UTU,UTUVU,1,Eurosport Norge,7,0,,13.1,0.5,0,8.913903973274172,8.913903973274172,8.913903973274172
124,09.07.2017,Stabæk,Brann,4 205,2,0,V,T,TTV,TTVTV,1,Eurosport Norge,7,0,,-,-,-,,,
125,10.07.2017,Sarpsborg 08,Lillestrøm,4 843,3,3,U,V,VVV,VVVTV,1,MAX,1,0,,13.5,2.6,0,24.701992008855296,24.701992008855296,31.526486811123842
126,15.07.2017,Sogndal,Rosenborg,4 507,0,3,T,U,UVV,UVVUV,1,Eurosport Norge,6,0,,13.5,2.1,0,48.94796949425968,48.94796949425968,48.94796949425968
127,15.07.2017,Lillestrøm,Stabæk,4 280,2,2,U,U,UVV,UVVVT,2,Eurosport Norge,6,0,,13,1.6,0,52.678549110759114,52.678549110759114,53.328534614890636
128,16.07.2017,Molde,Strømsgodset,8 628,0,0,U,T,TVU,TVUVV,3,Eurosport Norge,7,0,,12.6,14.3,3.9,38.887766885616344,38.887766885616344,8.826837923081913
129,16.07.2017,Haugesund,Aalesund,3 831,2,0,V,V,VUV,VUVTU,2,Eurosport Player,7,0,,13,0.1,20.6,26.57988818367971,18.69480043695725,5.46538547670551
130,16.07.2017,Odd,Viking,6 780,0,2,T,U,UVU,UVUUU,0,Eurosport Player,7,0,,15.6,3,2.7,13.115007011078326,13.115007011078326,11.949518975619416
131,16.07.2017,Sandefjord,Tromsø,3 446,3,0,V,V,VTU,VTUVV,1,Eurosport Player,7,0,,-,-,-,,,
132,16.07.2017,Brann,Sarpsborg 08,10 721,0,1,T,U,UUU,UUUVV,0,Eurosport Norge,7,0,,13.2,10.2,0,12.167235925062082,16.849946387066986,10.850327030298939
133,17.07.2017,Kristiansund BK,Vålerenga,4 050,1,1,U,V,VUT,VUTUV,3,MAX,1,0,,6.1,3.6,20.9,35.13357889282683,18.251197865960034,57.666536794393146
134,05.08.2017,Rosenborg,Kristiansund BK,17 214,4,1,V,U,UVU,UVUTU,5,Eurosport Norge,6,0,,14.9,0.6,0,14.23851324410345,14.23851324410345,14.23851324410345
135,06.08.2017,Sarpsborg 08,Haugesund,4 396,2,1,V,V,VVU,VVUVT,3,Eurosport Norge,7,0,,8.6,6.4,0.2,24.701992008855296,33.203082435582665,31.526486811123842
136,06.08.2017,Odd,Sogndal,6 433,2,1,V,T,TUV,TUVVU,0,Eurosport Player,7,0,,13.5,1.9,0,13.115007011078326,13.115007011078326,11.949518975619416
137,06.08.2017,Stabæk,Sandefjord,3 310,1,3,T,V,VVT,VVTUV,2,Eurosport Player,7,0,,-,-,-,,,
138,06.08.2017,Tromsø,Molde,3 812,1,2,T,V,VVU,VVUVT,1,Eurosport Player,7,0,,11.8,5,0.6,37.717269397763395,42.09709051550441,113.35405751673258
139,06.08.2017,Viking,Lillestrøm,8 052,2,2,U,U,UUV,UUVVV,1,Eurosport Player,7,0,,14,7,13.3,11.227874911754627,10.926791620396628,8.710488394410426
140,06.08.2017,Aalesund,Brann,5 736,3,3,U,V,VTV,VTVVU,0,Eurosport Norge,7,0,,11.7,0.2,5.4,33.10719025177605,33.10719025177605,2.6058748176459994
141,07.08.2017,Strømsgodset,Vålerenga,6 836,2,0,V,U,UVV,UVVUU,4,MAX,1,0,,11.1,0.3,9,8.913903973274172,8.913903973274172,8.913903973274172
142,11.08.2017,Sandefjord,Sogndal,5 806,2,1,V,V,VTU,VTUVV,3,Eurosport Norge,5,0,,-,-,-,,,
143,12.08.2017,Molde,Rosenborg,10 720,1,2,T,T,TUT,TUTVU,0,Eurosport Norge,6,0,,12.1,8.6,6.7,38.887766885616344,38.887766885616344,8.826837923081913
144,13.08.2017,Brann,Odd,10 019,2,0,V,V,VTU,VTUVU,0,Eurosport Norge,7,0,,8.7,3,2.5,12.167235925062082,16.849946387066986,10.850327030298939
145,13.08.2017,Aalesund,Viking,5 480,1,1,U,U,UVT,UVTVV,3,Eurosport Player,7,0,,7.8,1.2,1,33.10719025177605,33.10719025177605,2.6058748176459994
146,13.08.2017,Haugesund,Stabæk,3 827,2,2,U,V,VVV,VVVUV,2,Eurosport Player,7,0,,9.7,0.8,0,26.57988818367971,18.69480043695725,5.46538547670551
147,13.08.2017,Kristiansund BK,Sarpsborg 08,3 498,2,2,U,V,VTU,VTUUU,1,Eurosport Player,7,0,,6.1,5,5.1,35.13357889282683,18.251197865960034,57.666536794393146
148,13.08.2017,Strømsgodset,Lillestrøm,5 713,3,1,V,U,UUU,UUUVV,2,Eurosport Norge,7,0,,12.4,0.8,2.4,8.913903973274172,8.913903973274172,8.913903973274172
149,14.08.2017,Vålerenga,Tromsø,10 049,0,0,U,T,TVV,TVVUV,3,MAX,1,0,,13.3,0.9,0,8.216462809598152,7.095469626515939,6.568700558666896
150,19.08.2017,Lillestrøm,Vålerenga,8 552,2,1,V,V,VUU,VUUUV,2,Eurosport Norge,6,0,1.0,12.1,0.9,5.6,52.678549110759114,52.678549110759114,53.328534614890636
151,20.08.2017,Rosenborg,Haugesund,16 285,0,1,T,U,UVV,UVVVU,4,Eurosport Norge,7,0,,12.2,2.5,34.8,14.23851324410345,14.23851324410345,14.23851324410345
152,20.08.2017,Odd,Sandefjord,7 546,1,0,V,V,VTV,VTVVT,2,Eurosport Player,7,0,,11.1,2.1,0.1,13.115007011078326,13.115007011078326,11.949518975619416
153,20.08.2017,Sogndal,Kristiansund BK,2 987,2,0,V,V,VVT,VVTUV,0,Eurosport Player,7,0,,12.7,0.3,1.7,48.94796949425968,48.94796949425968,48.94796949425968
154,20.08.2017,Stabæk,Molde,4 728,3,2,V,U,UTU,UTUVT,1,Eurosport Player,7,0,,-,-,-,,,
155,20.08.2017,Tromsø,Aalesund,3 938,3,2,V,U,UTV,UTVVU,1,Eurosport Player,7,0,,12.4,4.8,2.5,37.717269397763395,42.09709051550441,113.35405751673258
156,20.08.2017,Viking,Brann,9 838,2,4,T,V,VUT,VUTVU,2,TVNorge,7,0,,13.4,3.5,20.7,11.227874911754627,10.926791620396628,8.710488394410426
157,21.08.2017,Sarpsborg 08,Strømsgodset,4 378,0,0,U,U,UVT,UVTUU,2,MAX,1,0,,5.3,3.7,0,24.701992008855296,33.203082435582665,31.526486811123842
158,09.09.2017,Brann,Sogndal,15 374,2,1,V,V,VVV,VVVTU,2,Eurosport Norge,6,0,,11.1,1.3,5.8,12.167235925062082,20.31757324017557,10.850327030298939
159,10.09.2017,Vålerenga,Sarpsborg 08,17 011,1,2,T,U,UUV,UUVTU,0,Eurosport Norge,7,0,,11.2,1.6,6.1,8.216462809598152,7.095469626515939,6.568700558666896
160,10.09.2017,Aalesund,Stabæk,5 228,1,1,U,V,VUT,VUTUV,1,Eurosport Player,7,0,,9.3,0.3,0.1,33.10719025177605,50.72023780295581,2.6058748176459994
161,10.09.2017,Haugesund,Lillestrøm,4 242,1,1,U,V,VVU,VVUUU,2,Eurosport Player,7,0,,12,2.8,19.7,26.57988818367971,26.95655782151073,5.291335114828507
162,10.09.2017,Kristiansund BK,Tromsø,3 751,4,1,V,V,VUT,VUTVV,2,Eurosport Player,7,0,,5.7,0.5,0,35.13357889282683,35.13357889282683,57.666536794393146
163,10.09.2017,Sandefjord,Viking,3 159,3,1,V,V,VVT,VVTVV,2,Eurosport Player,7,0,,-,-,-,,,
164,10.09.2017,Strømsgodset,Rosenborg,7 314,0,2,T,U,UVV,UVVUV,3,Eurosport Norge,7,0,,8.8,0.2,0,8.913903973274172,8.913903973274172,8.913903973274172
165,11.09.2017,Molde,Odd,6 851,2,1,V,V,VVV,VVVTU,1,MAX,1,0,,11.1,3.4,0,38.887766885616344,38.887766885616344,8.826837923081913
166,16.09.2017,Stabæk,Strømsgodset,3 677,0,2,T,U,UVU,UVUTU,3,Eurosport Norge,6,0,,-,-,-,,,
167,17.09.2017,Sandefjord,Brann,5 502,0,1,T,V,VVV,VVVTV,3,Eurosport Norge,7,0,,-,-,-,,,
168,17.09.2017,Lillestrøm,Kristiansund BK,4 569,0,0,U,U,UVV,UVVUU,2,Eurosport Player,7,0,,6.2,2.9,0,52.678549110759114,52.678549110759114,53.328534614890636
169,17.09.2017,Sogndal,Haugesund,2 589,0,1,T,V,VVV,VVVVT,2,Eurosport Player,7,0,,9.3,1.9,0,48.94796949425968,48.94796949425968,48.94796949425968
170,17.09.2017,Tromsø,Sarpsborg 08,3 116,5,0,V,T,TUU,TUUVT,3,Eurosport Player,7,0,,5.6,4.9,0.1,37.717269397763395,42.09709051550441,113.35405751673258
171,17.09.2017,Viking,Molde,6 737,2,3,T,V,VVT,VVTTU,2,Eurosport Player,7,0,,9.5,1,1,11.227874911754627,10.926791620396628,8.710488394410426
172,17.09.2017,Rosenborg,Vålerenga,15 271,3,0,V,T,TTT,TTTVT,0,TVNorge,7,0,,7.7,0.7,0.4,14.23851324410345,14.23851324410345,14.23851324410345
173,18.09.2017,Odd,Aalesund,6 854,3,2,V,V,VVV,VVVVT,1,MAX,1,0,,7.9,1.6,0,13.115007011078326,13.115007011078326,11.949518975619416
174,21.09.2017,Tromsø,Odd,3 461,2,2,U,V,VVV,VVVVV,5,Eurosport Player,4,0,,3.7,12.8,0,37.717269397763395,42.09709051550441,113.35405751673258
175,23.09.2017,Haugesund,Viking,5 919,2,1,V,T,TUT,TUTUV,1,Eurosport Norge,6,0,1.0,13.2,2.3,0.5,26.57988818367971,26.95655782151073,5.291335114828507
176,24.09.2017,Lillestrøm,Rosenborg,7 868,0,3,T,U,UUV,UUVVU,0,Eurosport Norge,7,0,,12.8,3.2,4.5,52.678549110759114,52.678549110759114,52.678549110759114
177,24.09.2017,Aalesund,Sogndal,5 178,0,1,T,T,TVV,TVVVV,1,Eurosport Player,7,0,,8.2,0.6,0.1,33.10719025177605,33.10719025177605,2.6058748176459994
178,24.09.2017,Kristiansund BK,Stabæk,3 874,1,0,V,T,TUV,TUVUT,4,Eurosport Player,7,0,,7,0.6,0,35.13357889282683,35.13357889282683,57.666536794393146
179,24.09.2017,Molde,Sandefjord,7 098,3,1,V,T,TVV,TVVVT,2,Eurosport Player,7,0,,10.2,6.8,0,38.887766885616344,38.887766885616344,8.826837923081913
180,24.09.2017,Strømsgodset,Tromsø,5 700,2,1,V,U,UVV,UVVVU,0,Eurosport Player,7,0,,11.8,0.6,0.6,8.913903973274172,8.913903973274172,8.913903973274172
181,24.09.2017,Vålerenga,Brann,10 051,2,1,V,T,TVT,TVTVU,1,Eurosport Norge,7,0,,13.2,3.2,0,8.216462809598152,7.095469626515939,6.568700558666896
182,25.09.2017,Sarpsborg 08,Odd,4 365,2,1,V,V,VTU,VTUUV,0,MAX,1,0,,12.5,0.2,0,24.701992008855296,24.701992008855296,31.526486811123842
183,29.09.2017,Brann,Kristiansund BK,10 025,0,4,T,V,VUV,VUVVU,2,MAX,5,0,,9.2,2.4,0,12.167235925062082,16.849946387066986,10.850327030298939
184,30.09.2017,Stabæk,Vålerenga,4 043,4,2,V,V,VTU,VTUVU,0,Eurosport Norge,6,0,1.0,-,-,-,,,
185,01.10.2017,Odd,Haugesund,6 899,1,0,V,V,VTU,VTUTU,3,Eurosport Norge,7,0,,10.7,2.8,22.3,13.115007011078326,13.115007011078326,11.949518975619416
186,01.10.2017,Sandefjord,Aalesund,3 426,2,0,V,V,VTV,VTVVV,0,Eurosport Player,7,0,,-,-,-,,,
187,01.10.2017,Sogndal,Molde,3 012,2,2,U,T,TTV,TTVVV,0,Eurosport Player,7,0,,13,5.1,1.2,48.94796949425968,48.94796949425968,48.94796949425968
188,01.10.2017,Tromsø,Lillestrøm,3 594,2,1,V,T,TUU,TUUVV,2,Eurosport Player,7,0,,7.8,7.9,0,37.717269397763395,42.09709051550441,113.35405751673258
189,01.10.2017,Viking,Strømsgodset,6 230,0,1,T,V,VTT,VTTUV,2,Eurosport Player,7,0,,12.1,5.2,33.6,11.227874911754627,10.926791620396628,8.710488394410426
190,01.10.2017,Rosenborg,Sarpsborg 08,15 801,1,1,U,V,VVT,VVTUU,3,Eurosport Norge,7,0,,13,3.9,1,14.23851324410345,14.23851324410345,14.23851324410345
191,12.10.2017,Vålerenga,Haugesund,9 204,3,0,V,V,VVT,VVTUT,2,MAX,4,0,,8.8,2.1,8.8,8.216462809598152,7.095469626515939,6.568700558666896
192,14.10.2017,Tromsø,Rosenborg,5 445,0,3,T,V,VVU,VVUVV,2,MAX,6,0,,2.3,17.8,3.5,37.717269397763395,42.09709051550441,113.35405751673258
193,14.10.2017,Strømsgodset,Odd,6 027,1,0,V,V,VVU,VVUVV,2,Eurosport Norge,6,0,,9.6,0.3,0.2,8.913903973274172,8.913903973274172,8.913903973274172
194,15.10.2017,Vålerenga,Aalesund,8 932,5,1,V,V,VTV,VTVUV,3,Eurosport Norge,7,0,,9,2.4,1.4,8.216462809598152,1.7556966931960483,6.568700558666896
195,15.10.2017,Haugesund,Sandefjord,3 721,2,0,V,V,VVV,VVVTU,2,Eurosport Player,7,0,,11.5,3.7,0,26.57988818367971,26.95655782151073,5.46538547670551
196,15.10.2017,Kristiansund BK,Viking,3 771,0,2,T,T,TVU,TVUVV,1,Eurosport Player,7,0,,7.3,1.6,20.6,35.13357889282683,35.13357889282683,57.666536794393146
197,15.10.2017,Lillestrøm,Sogndal,4 312,1,0,V,V,VTU,VTUUV,0,Eurosport Player,7,0,,8.7,1.5,0,52.678549110759114,52.678549110759114,53.816663086609736
198,15.10.2017,Molde,Brann,6 861,1,0,V,U,UVT,UVTVV,3,Eurosport Norge,7,0,,5.1,7.3,12.3,38.887766885616344,38.887766885616344,8.826837923081913
199,16.10.2017,Sarpsborg 08,Stabæk,4 455,2,2,U,U,UVV,UVVTU,2,MAX,1,0,,12.4,7,2.6,24.701992008855296,24.701992008855296,31.526486811123842
200,21.10.2017,Aalesund,Kristiansund BK,7 347,1,1,U,T,TTV,TTVUV,0,Eurosport Norge,6,0,,10.2,1.3,1.3,33.10719025177605,33.10719025177605,2.6058748176459994
201,22.10.2017,Viking,Vålerenga,7 760,1,7,T,V,VVV,VVVVV,0,Eurosport Norge,7,0,,10.9,4.2,0.5,11.227874911754627,10.926791620396628,8.710488394410426
202,22.10.2017,Molde,Haugesund,6 866,1,0,V,V,VVV,VVVVT,1,Eurosport Player,7,0,,7.6,8.3,0,38.887766885616344,38.887766885616344,8.826837923081913
203,22.10.2017,Sandefjord,Strømsgodset,3 222,1,2,T,V,VVV,VVVTV,2,Eurosport Player,7,0,,-,-,-,,,
204,22.10.2017,Sogndal,Sarpsborg 08,2 504,3,3,U,V,VUT,VUTTV,2,Eurosport Player,7,0,,11.2,5.2,0,48.94796949425968,48.94796949425968,48.94796949425968
205,22.10.2017,Stabæk,Tromsø,3 403,1,2,T,U,UVV,UVVTU,4,Eurosport Player,7,0,,-,-,-,,,
206,22.10.2017,Brann,Rosenborg,13 618,0,3,T,T,TUT,TUTVT,0,TVNorge,7,0,,12.5,4.8,0,12.167235925062082,16.849946387066986,10.850327030298939
207,23.10.2017,Odd,Lillestrøm,6 164,1,0,V,V,VVT,VVTUU,1,MAX,1,0,,5.3,3.9,1,13.115007011078326,13.115007011078326,11.949518975619416
208,28.10.2017,Haugesund,Brann,6 100,2,3,T,V,VVV,VVVVV,2,Eurosport Norge,6,0,,9.5,1.9,0,26.57988818367971,18.69480043695725,5.46538547670551
209,29.10.2017,Rosenborg,Stabæk,20 723,0,0,U,T,TUV,TUVVT,1,Eurosport Norge,7,0,,2.3,1.2,11,14.23851324410345,14.23851324410345,14.23851324410345
210,29.10.2017,Kristiansund BK,Odd,3 822,2,2,U,V,VVV,VVVVU,0,Eurosport Player,7,0,,2,3.2,26.8,35.13357889282683,35.13357889282683,57.666536794393146
211,29.10.2017,Sarpsborg 08,Sandefjord,4 797,5,0,V,U,UUU,UUUVV,2,Eurosport Player,7,0,,4.6,4.5,0.6,24.701992008855296,24.701992008855296,31.526486811123842
212,29.10.2017,Strømsgodset,Sogndal,6 048,4,1,V,U,UVU,UVUTT,1,Eurosport Player,7,0,,4.4,1.1,2.4,8.913903973274172,8.913903973274172,8.913903973274172
213,29.10.2017,Tromsø,Viking,3 464,3,0,V,T,TTV,TTVVU,0,Eurosport Player,7,0,,-0.2,3.5,11.5,37.717269397763395,42.641464621333974,113.35405751673258
214,29.10.2017,Vålerenga,Molde,9 402,1,2,T,V,VVU,VVUVT,5,Eurosport Norge,7,0,,7.2,5.5,0,8.216462809598152,7.095469626515939,6.568700558666896
215,30.10.2017,Lillestrøm,Aalesund,4 357,4,0,V,V,VVV,VVVTU,1,MAX,1,0,,4.6,3.6,0,52.678549110759114,52.678549110759114,53.816663086609736
216,03.11.2017,Sandefjord,Vålerenga,4 103,2,0,V,V,VTV,VTVVV,1,MAX,5,0,,-,-,-,,,
217,04.11.2017,Molde,Kristiansund BK,9 014,0,1,T,U,UUT,UUTTV,1,Eurosport Norge,6,0,,4.9,9.1,6.8,38.887766885616344,38.887766885616344,8.826837923081913
218,05.11.2017,Brann,Lillestrøm,9 594,2,0,V,V,VVV,VVVVT,0,Eurosport Norge,7,0,,6.6,1.9,28.5,12.167235925062082,20.31757324017557,10.850327030298939
219,05.11.2017,Haugesund,Strømsgodset,3 709,1,3,T,T,TVV,TVVVV,2,Eurosport Player,7,0,,7.2,4.1,0,26.57988818367971,26.95655782151073,5.46538547670551
220,05.11.2017,Odd,Stabæk,6 315,0,5,T,U,UTU,UTUVV,1,Eurosport Player,7,0,,7.7,3.5,12.9,13.115007011078326,13.115007011078326,11.949518975619416
221,05.11.2017,Sogndal,Tromsø,3 675,0,2,T,V,VUV,VUVUT,3,Eurosport Player,7,0,,5.8,1.6,4.8,48.94796949425968,48.94796949425968,48.94796949425968
222,05.11.2017,Viking,Sarpsborg 08,7 467,2,1,V,V,VUU,VUUUV,1,Eurosport Player,7,0,,7.1,2.2,8.1,11.227874911754627,10.926791620396628,8.710488394410426
223,05.11.2017,Aalesund,Rosenborg,6 105,2,1,V,V,VUV,VUVVT,1,Eurosport Norge,7,0,,5.4,0.4,8.9,33.10719025177605,33.10719025177605,2.6058748176459994
224,19.11.2017,Rosenborg,Viking,16 834,2,0,V,V,VUT,VUTTU,0,MAX,7,0,,-5.4,1.3,0,14.23851324410345,3.829869161026906,17.192677991445176
225,19.11.2017,Strømsgodset,Brann,7 706,2,1,V,T,TVT,TVTVT,4,TVNorge,7,0,,0.6,2.3,0,8.913903973274172,8.913903973274172,1.4497060008909217
226,19.11.2017,Sarpsborg 08,Aalesund,4 600,1,0,V,V,VVU,VVUUU,5,Eurosport 1,7,0,,2,3,0.5,33.203082435582665,24.701992008855296,34.5150324925188
227,19.11.2017,Kristiansund BK,Sandefjord,4 080,3,2,V,V,VVT,VVTVV,2,Eurosport Player,7,0,,-2.7,2.9,0.9,35.13357889282683,18.251197865960034,57.666536794393146
228,19.11.2017,Lillestrøm,Molde,4 358,0,1,T,V,VVV,VVVVV,4,Eurosport Player,7,0,,5.2,2.7,0,52.678549110759114,52.678549110759114,53.816663086609736
229,19.11.2017,Stabæk,Sogndal,4 373,1,1,U,T,TVU,TVUVU,1,Eurosport Player,7,0,,-,-,-,,,
230,19.11.2017,Tromsø,Haugesund,3 863,2,0,V,T,TTV,TTVVV,3,Eurosport Player,7,0,,-7.8,1.3,0,37.717269397763395,42.09709051550441,113.35405751673258
231,19.11.2017,Vålerenga,Odd,12 236,2,0,V,T,TUV,TUVVV,1,Eurosport Player,7,0,,1.3,8.2,0.3,8.216462809598152,7.095469626515939,6.568700558666896
232,26.11.2017,Molde,Sarpsborg 08,7 419,2,2,U,V,VVV,VVVUU,0,MAX,7,0,,1.7,11.3,0,38.887766885616344,38.887766885616344,8.826837923081913
233,26.11.2017,Aalesund,Strømsgodset,6 421,4,3,V,V,VVV,VVVUV,2,TVNorge,7,0,,3.8,1.5,0,33.10719025177605,33.10719025177605,2.6058748176459994
234,26.11.2017,Sogndal,Vålerenga,3 585,5,2,V,U,UTV,UTVUV,0,Eurosport 1,7,0,,2.8,1.7,1.8,48.94796949425968,48.94796949425968,48.94796949425968
235,26.11.2017,Brann,Tromsø,9 941,2,2,U,V,VTV,VTVTT,2,Eurosport Player,7,0,,5.3,7.1,26.6,12.167235925062082,16.849946387066986,10.850327030298939
236,26.11.2017,Haugesund,Kristiansund BK,4 834,2,3,T,V,VTT,VTTVV,1,Eurosport Player,7,0,,4.4,4.8,17.8,26.57988818367971,26.95655782151073,5.46538547670551
237,26.11.2017,Odd,Rosenborg,7 438,1,0,V,V,VTU,VTUVV,0,Eurosport Player,7,0,,-4.7,0.6,0.4,13.115007011078326,13.115007011078326,11.949518975619416
238,26.11.2017,Sandefjord,Lillestrøm,3 034,1,3,T,T,TVV,TVVVV,2,Eurosport Player,7,0,,-,-,-,,,
239,26.11.2017,Viking,Stabæk,6 157,2,0,V,U,UTU,UTUTU,2,Eurosport Player,7,0,,6.8,5.6,12.7,11.227874911754627,10.926791620396628,8.710488394410426
240,11.03.2018,Strømsgodset,Stabæk,5 199,2,2,U,Første kamp i sesongen,For få kamper,For få kamper,Første hjemmekamp i sesongen,Eurosport Norge,7,0,,-4.5,0.8,0.9,8.913903973274172,8.913903973274172,1.4497060008909217
241,11.03.2018,Bodø/Glimt,Lillestrøm,3 484,3,1,V,Første kamp i sesongen,For få kamper,For få kamper,Første hjemmekamp i sesongen,Eurosport Player,7,0,,-6.5,0.7,0.5,28.808067080504483,28.808067080504483,59.04839823970596
242,11.03.2018,Molde,Sandefjord,6 218,5,0,V,Første kamp i sesongen,For få kamper,For få kamper,Første hjemmekamp i sesongen,Eurosport Player,7,0,,-3,3.6,0,38.887766885616344,38.887766885616344,8.826837923081913
243,11.03.2018,Odd,Haugesund,4 400,1,2,T,Første kamp i sesongen,For få kamper,For få kamper,Første hjemmekamp i sesongen,Eurosport Player,7,0,,-2.4,1.4,0,13.115007011078326,9.104780457799261,11.949518975619416
244,11.03.2018,Start,Tromsø,3 068,4,1,V,Første kamp i sesongen,For få kamper,For få kamper,Første hjemmekamp i sesongen,Eurosport Player,7,0,,-0.9,3,0.1,50.53401510351483,50.53401510351483,7.66476874015334
245,11.03.2018,Sarpsborg 08,Rosenborg,5 201,1,0,V,Første kamp i sesongen,For få kamper,For få kamper,Første hjemmekamp i sesongen,Eurosport Norge,7,0,,-4.1,1.7,2.4,24.701992008855296,24.701992008855296,33.203082435582665
246,12.03.2018,Kristiansund BK,Vålerenga,3 969,0,1,T,Første kamp i sesongen,For få kamper,For få kamper,Første hjemmekamp i sesongen,MAX,1,0,,-2.3,0.3,0,35.13357889282683,35.13357889282683,57.666536794393146
247,17.03.2018,Lillestrøm,Sarpsborg 08,3 842,2,2,U,V,For få kamper,For få kamper,Første hjemmekamp i sesongen,MAX,6,0,,-3.8,9.8,0,52.678549110759114,52.678549110759114,53.816663086609736
248,17.03.2018,Rosenborg,Kristiansund BK,14 285,2,2,U,T,For få kamper,For få kamper,Første hjemmekamp i sesongen,Eurosport Norge,6,0,,-9.1,2,0,14.23851324410345,14.23851324410345,17.192677991445176
249,18.03.2018,Brann,Bodø/Glimt,8 447,2,0,V,V,For få kamper,For få kamper,Første hjemmekamp i sesongen,MAX,7,0,,-7.8,0.8,0,12.167235925062082,16.849946387066986,10.850327030298939
250,18.03.2018,Haugesund,Molde,3 820,0,1,T,T,For få kamper,For få kamper,Første hjemmekamp i sesongen,Eurosport Player,7,0,,-7.3,1,0,26.57988818367971,18.69480043695725,5.46538547670551
251,18.03.2018,Vålerenga,Odd,6 063,2,1,V,T,For få kamper,For få kamper,Første hjemmekamp i sesongen,Eurosport Norge,7,0,,-10.9,2.5,0,8.216462809598152,8.216462809598152,6.568700558666896
252,02.04.2018,Strømsgodset,Brann,5 873,1,1,U,U,For få kamper,For få kamper,2,MAX,1,0,,-2.6,1.5,0,8.913903973274172,8.913903973274172,1.4497060008909217
253,02.04.2018,Sarpsborg 08,Vålerenga,6 149,3,0,V,U,For få kamper,For få kamper,1,Eurosport Norge,1,0,,-3.9,1,0.7,24.701992008855296,24.701992008855296,33.203082435582665
254,02.04.2018,Bodø/Glimt,Haugesund,2 934,0,3,T,T,For få kamper,For få kamper,3,Eurosport Player,1,0,,-4.7,1.3,0.9,28.808067080504483,28.808067080504483,59.04839823970596
255,02.04.2018,Kristiansund BK,Lillestrøm,3 959,2,1,V,U,For få kamper,For få kamper,0,Eurosport Player,1,0,,-7,0.5,1.9,35.13357889282683,35.13357889282683,57.666536794393146
256,02.04.2018,Molde,Tromsø,6 438,2,1,V,V,For få kamper,For få kamper,5,Eurosport Player,1,0,,-4.8,3.7,3.4,38.887766885616344,38.887766885616344,8.826837923081913
257,02.04.2018,Ranheim TF,Stabæk,2 125,4,1,V,Første kamp i sesongen,For få kamper,For få kamper,Første hjemmekamp i sesongen,Eurosport Player,1,0,,-5.8,1.9,0,26.97645560688668,26.97645560688668,29.934763997721255
258,02.04.2018,Start,Sandefjord,4 716,1,4,T,V,For få kamper,For få kamper,4,Eurosport Player,1,0,,-3.1,2.6,0.1,50.53401510351483,7.428368758361701,7.66476874015334
259,02.04.2018,Odd,Rosenborg,5 497,1,1,U,V,For få kamper,For få kamper,1,Eurosport Norge,1,0,,-6.8,1.3,0,13.115007011078326,9.104780457799261,11.949518975619416
260,07.04.2018,Vålerenga,Strømsgodset,9 304,1,4,T,U,For få kamper,For få kamper,2,Eurosport Norge,6,0,1.0,1.2,1.2,0,8.216462809598152,8.216462809598152,6.568700558666896
261,08.04.2018,Brann,Kristiansund BK,8 173,1,0,V,V,VUT,For få kamper,2,Eurosport Norge,7,0,,4.8,0.8,1.8,12.167235925062082,16.849946387066986,10.850327030298939
262,08.04.2018,Haugesund,Sarpsborg 08,3 474,1,1,U,T,TTT,For få kamper,0,Eurosport Player,7,0,,5.3,0.5,4.4,26.57988818367971,18.69480043695725,5.46538547670551
263,08.04.2018,Odd,Bodø/Glimt,4 859,1,0,V,U,UVT,For få kamper,1,Eurosport Player,7,0,,-1.4,0,0.2,13.115007011078326,2.2043416974473047,11.949518975619416
264,08.04.2018,Sandefjord,Stabæk,2 756,1,1,U,T,For få kamper,For få kamper,Første hjemmekamp i sesongen,Eurosport Player,7,0,,-,-,-,,,
265,08.04.2018,Tromsø,Ranheim TF,3 028,4,0,V,V,For få kamper,For få kamper,Første hjemmekamp i sesongen,Eurosport Player,7,0,,-2.2,5.9,8.5,37.717269397763395,42.09709051550441,113.35405751673258
266,08.04.2018,Rosenborg,Molde,16 154,4,0,V,V,VTV,For få kamper,2,TVNorge,7,0,,0.9,0.9,0.6,14.23851324410345,5.459731848199019,17.192677991445176
267,09.04.2018,Lillestrøm,Start,3 925,1,0,V,V,VUV,For få kamper,2,MAX,1,0,,3.1,1.5,0.4,52.678549110759114,52.678549110759114,53.816663086609736
268,11.04.2018,Tromsø,Strømsgodset,2 908,3,1,V,V,VVV,For få kamper,4,MAX,3,0,,1.2,6.1,6.5,37.717269397763395,42.09709051550441,113.35405751673258
269,11.04.2018,Sandefjord,Ranheim TF,2 461,1,2,T,V,For få kamper,For få kamper,1,Eurosport Norge,3,0,,-,-,-,,,
270,14.04.2018,Start,Vålerenga,5 007,1,6,T,V,VTV,For få kamper,1,Eurosport Norge,6,0,,8.3,2.9,0,50.53401510351483,50.53401510351483,7.831012128986901
271,15.04.2018,Molde,Lillestrøm,7 411,2,1,V,V,VVU,For få kamper,2,Eurosport Norge,7,0,,10.2,0.9,0,38.887766885616344,38.887766885616344,8.826837923081913
272,15.04.2018,Ranheim TF,Haugesund,2 040,4,2,V,U,UTT,For få kamper,4,Eurosport Player,7,0,,2.7,0.6,0,26.97645560688668,8.118489690627984,29.934763997721255
273,15.04.2018,Sandefjord,Kristiansund BK,2 615,3,3,U,T,TUT,For få kamper,1,Eurosport Player,7,0,,-,-,-,,,
274,15.04.2018,Stabæk,Tromsø,3 564,1,1,U,U,UVU,For få kamper,Første hjemmekamp i sesongen,Eurosport Player,7,0,,-,-,-,,,
275,15.04.2018,Strømsgodset,Odd,5 588,3,0,V,V,VUV,For få kamper,1,Eurosport Player,7,0,,3,0.5,0,8.913903973274172,8.913903973274172,1.4497060008909217
276,15.04.2018,Sarpsborg 08,Brann,5 258,1,2,T,U,UVU,For få kamper,3,Eurosport Norge,7,0,,0.3,6.1,0.7,24.701992008855296,33.203082435582665,33.203082435582665
277,16.04.2018,Bodø/Glimt,Rosenborg,4 387,0,1,T,V,VTV,For få kamper,0,MAX,1,0,,2.4,1,0,28.808067080504483,28.808067080504483,59.04839823970596
278,21.04.2018,Brann,Stabæk,9 478,3,0,V,U,UUV,For få kamper,1,Eurosport Norge,6,0,,7.7,2.4,1.8,12.167235925062082,16.849946387066986,10.850327030298939
279,22.04.2018,Rosenborg,Start,15 594,2,0,V,T,TVT,For få kamper,4,Eurosport Norge,7,0,,4.1,2.7,0.2,14.23851324410345,13.603099865910426,17.192677991445176
280,22.04.2018,Haugesund,Strømsgodset,3 690,1,0,V,V,VUT,VUTTT,1,Eurosport Player,7,0,,3.2,0.6,0.1,26.57988818367971,18.69480043695725,5.46538547670551
281,22.04.2018,Kristiansund BK,Bodø/Glimt,4 003,1,1,U,T,TVT,TVTVV,2,Eurosport Player,7,0,,1,3.4,0.1,35.13357889282683,18.251197865960034,57.666536794393146
282,22.04.2018,Lillestrøm,Ranheim TF,5 184,0,1,T,V,VVV,VVVUV,1,Eurosport Player,7,0,,2.6,2.3,0.5,52.678549110759114,52.678549110759114,53.328534614890636
283,22.04.2018,Tromsø,Sandefjord,3 692,4,1,V,U,UTU,UTUTV,3,Eurosport Player,7,0,,2.9,7.5,0,37.717269397763395,42.09709051550441,113.35405751673258
284,22.04.2018,Vålerenga,Molde,8 436,0,0,U,V,VVV,VVVTV,1,Eurosport Norge,7,0,,5.2,1.9,0,8.216462809598152,8.216462809598152,6.568700558666896
285,23.04.2018,Odd,Sarpsborg 08,4 861,3,1,V,T,TUV,TUVUV,1,MAX,1,0,,4,1.8,6.2,13.115007011078326,9.104780457799261,11.949518975619416
286,25.04.2018,Ranheim TF,Brann,2 655,0,2,T,T,TVT,TVTVV,4,MAX,3,0,,5.2,4,0.1,26.97645560688668,26.97645560688668,29.934763997721255
287,25.04.2018,Stabæk,Start,3 043,1,1,U,V,VUU,VUUVU,1,Eurosport Norge,3,0,,-,-,-,,,
288,28.04.2018,Ranheim TF,Vålerenga,2 068,2,2,U,T,TTV,TTVTV,0,Eurosport Norge,6,0,,3.6,0.8,0.2,26.97645560688668,25.580946693105897,26.97645560688668
289,29.04.2018,Sandefjord,Brann,4 672,0,1,T,V,VUT,VUTUT,3,Eurosport Norge,7,0,,-,-,-,,,
290,29.04.2018,Molde,Odd,6 793,0,1,T,V,VVV,VVVUV,2,Eurosport Player,7,0,,0.2,3.6,4.3,38.887766885616344,38.887766885616344,8.826837923081913
291,29.04.2018,Sarpsborg 08,Bodø/Glimt,4 983,0,0,U,V,VTU,VTUVU,1,Eurosport Player,7,0,,-2.6,3.2,0,24.701992008855296,33.203082435582665,33.203082435582665
292,29.04.2018,Start,Haugesund,4 159,0,1,T,V,VVU,VVUTT,1,Eurosport Player,7,0,,3.9,0.8,0,50.53401510351483,50.53401510351483,7.831012128986901
293,29.04.2018,Tromsø,Kristiansund BK,4 131,0,0,U,V,VUV,VUVVV,4,Eurosport Player,7,0,,0.1,1.9,2,37.717269397763395,42.09709051550441,113.35405751673258
294,29.04.2018,Strømsgodset,Rosenborg,7 587,0,1,T,V,VVV,VVVTU,3,Eurosport Norge,7,0,,1.7,0.1,0,8.913903973274172,8.913903973274172,8.913903973274172
295,30.04.2018,Stabæk,Lillestrøm,3 210,3,2,V,T,TVV,TVVVU,1,MAX,1,0,,-,-,-,,,
296,05.05.2018,Rosenborg,Ranheim TF,21 201,1,1,U,U,UTT,UTTVT,2,Eurosport Norge,6,0,,8.6,0.8,1.8,14.23851324410345,8.407695116557067,14.23851324410345
297,06.05.2018,Vålerenga,Haugesund,7 708,2,2,U,T,TVV,TVVUT,0,Eurosport Norge,7,0,,9,2.3,0,8.216462809598152,8.216462809598152,6.568700558666896
298,06.05.2018,Bodø/Glimt,Strømsgodset,2 834,2,2,U,U,UUT,UUTVT,0,Eurosport Player,7,0,,12.3,10.3,13.5,28.808067080504483,28.808067080504483,59.04839823970596
299,06.05.2018,Kristiansund BK,Stabæk,3 914,1,0,V,V,VUV,VUVUU,1,Eurosport Player,7,0,,8.8,0.7,9.6,35.13357889282683,35.13357889282683,57.666536794393146
300,06.05.2018,Lillestrøm,Sandefjord,4 715,1,0,V,V,VTV,VTVVV,0,Eurosport Player,7,0,,10.2,3.2,0,52.678549110759114,52.678549110759114,53.328534614890636
301,06.05.2018,Odd,Start,6 530,3,0,V,T,TVV,TVVVU,3,Eurosport Player,7,0,,5.4,0.5,0,13.115007011078326,9.104780457799261,11.949518975619416
302,06.05.2018,Brann,Tromsø,9 755,3,0,V,U,UVU,UVUVV,3,Eurosport Norge,7,0,,9.7,7,1,12.167235925062082,16.849946387066986,10.850327030298939
303,07.05.2018,Sarpsborg 08,Molde,4 842,2,2,U,U,UVT,UVTUV,0,MAX,1,0,,9.1,3.8,0,24.701992008855296,24.701992008855296,33.203082435582665
304,12.05.2018,Sandefjord,Vålerenga,3 826,0,1,T,V,VTV,VTVUT,0,MAX,6,0,,-,-,-,,,
305,12.05.2018,Start,Brann,4 859,0,1,T,V,VTU,VTUVT,0,Eurosport Norge,6,0,,8.8,1.2,0,50.53401510351483,50.53401510351483,7.831012128986901
306,13.05.2018,Strømsgodset,Sarpsborg 08,5 875,1,2,T,U,UUV,UUVTU,0,Eurosport Norge,7,0,,5.2,0.1,0,8.913903973274172,8.913903973274172,8.913903973274172
307,13.05.2018,Haugesund,Kristiansund BK,4 063,3,2,V,U,UTV,UTVVU,1,Eurosport Player,7,0,,6.3,0.3,0,26.57988818367971,18.69480043695725,5.46538547670551
308,13.05.2018,Molde,Bodø/Glimt,6 768,1,2,T,U,UUU,UUUTV,0,Eurosport Player,7,0,,8.2,2.5,0,38.887766885616344,38.887766885616344,8.826837923081913
309,13.05.2018,Ranheim TF,Odd,2 013,3,1,V,U,UUT,UUTTV,2,Eurosport Player,7,0,,8.4,1.6,0,26.97645560688668,25.580946693105897,26.97645560688668
310,13.05.2018,Tromsø,Lillestrøm,3 885,1,2,T,V,VVT,VVTVV,0,Eurosport Player,7,0,,9.1,3.2,0,37.717269397763395,42.09709051550441,113.35405751673258
311,13.05.2018,Stabæk,Rosenborg,4 561,0,1,T,V,VVU,VVUVU,3,Eurosport Norge,7,0,,-,-,-,,,
312,16.05.2018,Rosenborg,Lillestrøm,21 045,3,0,V,T,TVV,TVVTV,1,TVNorge,3,1,,10.1,0.8,2,14.23851324410345,8.407695116557067,14.23851324410345
313,16.05.2018,Bodø/Glimt,Tromsø,4 731,0,1,T,T,TUU,TUUUT,2,VOX,3,1,,7.6,0.6,1,28.808067080504483,28.808067080504483,59.04839823970596
314,16.05.2018,Brann,Haugesund,12 914,1,1,U,V,VUT,VUTVV,3,Eurosport 1,3,1,,10.4,4.2,0.3,12.167235925062082,16.849946387066986,10.850327030298939
315,16.05.2018,Kristiansund BK,Ranheim TF,4 234,1,3,T,V,VUU,VUUTT,1,Eurosport Player,3,1,,8,1.2,0,35.13357889282683,18.251197865960034,57.666536794393146
316,16.05.2018,Molde,Strømsgodset,6 770,2,0,V,T,TUT,TUTUV,1,Eurosport Player,3,1,,8.5,4.2,0,38.887766885616344,38.887766885616344,8.826837923081913
317,16.05.2018,Odd,Sandefjord,6 122,5,0,V,T,TVT,TVTVU,3,Eurosport Player,3,1,,7.7,0.9,0,13.115007011078326,2.2043416974473047,11.949518975619416
318,16.05.2018,Sarpsborg 08,Start,5 630,4,0,V,T,TUU,TUUVT,2,Eurosport Player,3,1,,9,2.7,0,24.701992008855296,33.203082435582665,33.203082435582665
319,16.05.2018,Vålerenga,Stabæk,11 124,1,0,V,T,TVV,TVVUV,2,Eurosport Player,3,1,1.0,15.5,2.4,0,8.216462809598152,8.216462809598152,6.568700558666896
320,21.05.2018,Haugesund,Rosenborg,6 502,1,2,T,U,UVU,UVUTV,3,Eurosport Norge,1,0,,11.4,0.5,0,26.57988818367971,18.69480043695725,5.46538547670551
321,21.05.2018,Kristiansund BK,Strømsgodset,3 886,4,0,V,T,TVV,TVVUU,1,Eurosport Player,1,0,,11.4,4.7,0,35.13357889282683,18.251197865960034,57.666536794393146
322,21.05.2018,Ranheim TF,Molde,2 655,3,1,V,T,TVU,TVUUT,3,Eurosport Player,1,0,,12.6,1.7,0,26.97645560688668,25.580946693105897,26.97645560688668
323,21.05.2018,Sandefjord,Sarpsborg 08,2 850,0,1,T,V,VTU,VTUUV,0,Eurosport Player,1,0,,-,-,-,,,
324,21.05.2018,Stabæk,Odd,3 380,2,1,V,V,VTV,VTVVU,0,Eurosport Player,1,0,,-,-,-,,,
325,21.05.2018,Start,Bodø/Glimt,3 500,1,0,V,T,TTU,TTUUU,0,Eurosport Player,1,0,,10.4,2.7,0,50.53401510351483,7.428368758361701,7.831012128986901
326,21.05.2018,Tromsø,Vålerenga,3 914,3,0,V,T,TTV,TTVUV,1,Eurosport Player,1,0,,7.6,4.8,11.5,37.717269397763395,42.09709051550441,113.35405751673258
327,21.05.2018,Lillestrøm,Brann,6 078,1,1,U,V,VTV,VTVVT,1,Eurosport Player,1,0,,8.7,2.7,0,52.678549110759114,52.678549110759114,53.328534614890636
328,26.05.2018,Vålerenga,Lillestrøm,13 527,1,0,V,U,UVT,UVTVV,1,Eurosport Norge,6,0,1.0,20.2,2,0,8.216462809598152,8.216462809598152,6.568700558666896
329,27.05.2018,Molde,Start,6 335,3,1,V,V,VVT,VVTVT,2,Eurosport Norge,7,0,,10.3,5,0,38.887766885616344,38.887766885616344,8.826837923081913
330,27.05.2018,Bodø/Glimt,Ranheim TF,2 961,4,0,V,V,VTV,VTVUU,0,Eurosport Player,7,0,,7.4,4.2,0.2,28.808067080504483,28.808067080504483,59.04839823970596
331,27.05.2018,Haugesund,Tromsø,4 192,1,0,V,T,TUV,TUVUT,1,Eurosport Player,7,0,,10.3,0.2,0,26.57988818367971,18.69480043695725,5.46538547670551
332,27.05.2018,Odd,Kristiansund BK,5 196,1,2,T,V,VVV,VVVVT,5,Eurosport Player,7,0,,9.8,0.2,0,13.115007011078326,9.104780457799261,11.949518975619416
333,27.05.2018,Strømsgodset,Sandefjord,6 110,2,0,V,T,TVT,TVTVT,1,Eurosport Player,7,0,,13.4,0.4,0,8.913903973274172,8.913903973274172,8.913903973274172
334,27.05.2018,Rosenborg,Brann,19 806,1,2,T,T,TVT,TVTUT,3,TVNorge,7,0,,5.1,1.3,0,14.23851324410345,13.603099865910426,14.23851324410345
335,28.05.2018,Sarpsborg 08,Stabæk,4 658,4,2,V,T,TVT,TVTUU,4,MAX,1,0,,14,0.4,0.4,24.701992008855296,24.701992008855296,33.203082435582665
336,09.06.2018,Kristiansund BK,Molde,4 277,1,0,V,T,TVT,TVTVV,4,Eurosport Norge,6,0,1.0,6.9,1.6,0,35.13357889282683,35.13357889282683,57.666536794393146
337,10.06.2018,Lillestrøm,Odd,5 060,0,0,U,V,VUV,VUVTV,1,Eurosport Norge,7,0,,11.6,2.6,4.9,52.678549110759114,52.678549110759114,53.816663086609736
338,10.06.2018,Ranheim TF,Sarpsborg 08,2 039,2,1,V,V,VVT,VVTVU,3,Eurosport Player,7,0,,8.5,2.1,0,26.97645560688668,25.580946693105897,26.97645560688668
339,10.06.2018,Sandefjord,Haugesund,2 493,0,2,T,V,VTU,VTUVU,0,Eurosport Player,7,0,,-,-,-,,,
340,10.06.2018,Stabæk,Bodø/Glimt,3 510,0,0,U,V,VVV,VVVTV,2,Eurosport Player,7,0,,-,-,-,,,
341,10.06.2018,Start,Strømsgodset,4 602,1,1,U,V,VVV,VVVTV,1,Eurosport Player,7,0,,16.4,1.1,4.9,50.53401510351483,50.53401510351483,7.66476874015334
342,10.06.2018,Brann,Vålerenga,12 004,0,0,U,T,TUU,TUUTV,1,TVNorge,7,0,,13.9,1.5,0,12.167235925062082,16.849946387066986,10.850327030298939
343,11.06.2018,Tromsø,Rosenborg,5 214,2,1,V,V,VVT,VVTTV,3,MAX,1,0,,5,6.3,3,37.717269397763395,42.09709051550441,113.35405751673258
344,23.06.2018,Molde,Stabæk,6 294,3,0,V,U,UVV,UVVVT,3,Eurosport Norge,6,0,,3.3,4.8,3.7,38.887766885616344,38.887766885616344,8.826837923081913
345,24.06.2018,Sarpsborg 08,Tromsø,5 240,2,3,T,V,VVT,VVTVT,4,Eurosport Norge,7,0,,6.4,1.7,0.1,24.701992008855296,33.203082435582665,33.203082435582665
346,24.06.2018,Bodø/Glimt,Sandefjord,2 615,1,1,U,T,TVT,TVTVT,4,Eurosport Player,7,0,,7.6,8,0,28.808067080504483,28.808067080504483,59.04839823970596
347,24.06.2018,Haugesund,Lillestrøm,4 311,2,2,U,U,UVU,UVUVT,1,Eurosport Player,7,0,,10.5,0.7,0,26.57988818367971,18.69480043695725,5.46538547670551
348,24.06.2018,Start,Kristiansund BK,4 010,2,0,V,U,UVV,UVVVT,1,Eurosport Player,7,0,,15,1.6,0,50.53401510351483,50.53401510351483,7.66476874015334
349,24.06.2018,Strømsgodset,Ranheim TF,5 431,3,0,V,V,VVV,VVVTV,2,Eurosport Player,7,0,,10.1,0.3,0,8.913903973274172,8.913903973274172,8.913903973274172
350,24.06.2018,Rosenborg,Vålerenga,16 249,3,0,V,V,VTT,VTTVT,1,Eurosport Norge,7,0,,9.1,1.8,0.2,14.23851324410345,13.603099865910426,14.23851324410345
351,25.06.2018,Odd,Brann,6 761,0,1,T,U,UTV,UTVVV,1,MAX,1,0,,13.4,0,0,13.115007011078326,9.104780457799261,11.949518975619416
352,30.06.2018,Vålerenga,Bodø/Glimt,7 872,2,2,U,U,UUV,UUVVT,1,Eurosport Norge,6,0,,13.6,5.4,0,8.216462809598152,8.216462809598152,6.568700558666896
353,01.07.2018,Brann,Molde,11 371,0,4,T,V,VVV,VVVVV,0,MAX,7,0,,9.3,1.2,0,12.167235925062082,16.849946387066986,10.850327030298939
354,01.07.2018,Sandefjord,Rosenborg,3 849,0,1,T,U,UTV,UTVTV,0,Eurosport Norge,7,0,,-,-,-,,,
355,01.07.2018,Kristiansund BK,Sarpsborg 08,3 978,1,1,U,T,TVV,TVVTV,1,Eurosport Pluss,7,0,,12.1,1.6,0,35.13357889282683,35.13357889282683,57.666536794393146
356,01.07.2018,Ranheim TF,Start,1 600,2,0,V,V,VVV,VVVVT,2,Eurosport Pluss,7,0,,7.8,2.5,0,26.97645560688668,25.580946693105897,26.97645560688668
357,01.07.2018,Tromsø,Odd,3 387,2,1,V,T,TUT,TUTVV,2,Eurosport Pluss,7,0,,7.8,9.7,0,37.717269397763395,42.09709051550441,113.35405751673258
358,01.07.2018,Stabæk,Haugesund,3 035,2,1,V,U,UTV,UTVTU,0,Eurosport Norge,7,0,,-,-,-,,,
359,02.07.2018,Lillestrøm,Strømsgodset,4 842,1,1,U,U,UUV,UUVUV,0,MAX,1,0,,9.5,3.3,0,52.678549110759114,52.678549110759114,53.816663086609736
360,07.07.2018,Rosenborg,Tromsø,15 384,2,1,V,V,VTV,VTVVV,3,Eurosport Norge,6,0,,10.5,1.4,1,14.23851324410345,13.603099865910426,14.23851324410345
361,08.07.2018,Bodø/Glimt,Brann,3 082,2,2,U,U,UUU,UUUVV,1,Eurosport Norge,7,0,,7.6,0.7,0.3,28.808067080504483,28.808067080504483,59.04839823970596
362,08.07.2018,Haugesund,Sandefjord,3 504,4,2,V,V,VUT,VUTVT,2,Eurosport Pluss,7,0,,9.7,3.2,0.1,26.57988818367971,18.69480043695725,5.46538547670551
363,08.07.2018,Odd,Lillestrøm,5 421,3,1,V,U,UUU,UUUVU,0,Eurosport Pluss,7,0,,9.7,0.6,0,13.115007011078326,2.2043416974473047,11.949518975619416
364,08.07.2018,Sarpsborg 08,Ranheim TF,4 100,4,1,V,V,VVV,VVVVV,2,Eurosport Pluss,7,0,,6.8,3.4,0,24.701992008855296,33.203082435582665,33.203082435582665
365,08.07.2018,Start,Stabæk,4 282,2,1,V,V,VVU,VVUVV,2,Eurosport Pluss,7,0,,14.1,2,0,50.53401510351483,7.428368758361701,7.66476874015334
366,08.07.2018,Molde,Vålerenga,7 012,5,1,V,T,TVV,TVVVV,3,MAX,7,0,,9.2,1.8,0.5,38.887766885616344,38.887766885616344,8.826837923081913
367,09.07.2018,Strømsgodset,Kristiansund BK,5 496,2,3,T,U,UVV,UVVTV,3,MAX,1,0,,15.4,0.2,1,8.913903973274172,8.913903973274172,8.913903973274172
368,04.08.2018,Ranheim TF,Rosenborg,2 919,1,3,T,V,VVV,VVVVV,2,Eurosport Norge,6,0,1.0,14.3,0.8,8.4,26.97645560688668,25.580946693105897,26.97645560688668
369,05.08.2018,Strømsgodset,Bodø/Glimt,5 433,4,0,V,U,UUU,UUUUV,2,Eurosport Norge,7,0,,17.2,0.1,0,8.913903973274172,8.913903973274172,8.913903973274172
370,05.08.2018,Kristiansund BK,Odd,4 003,1,1,U,V,VVT,VVTUT,1,Eurosport Pluss,7,0,,10,0.9,10.1,35.13357889282683,18.251197865960034,57.666536794393146
371,05.08.2018,Stabæk,Sarpsborg 08,3 352,1,3,T,V,VUT,VUTVV,2,Eurosport Pluss,7,0,,-,-,-,,,
372,05.08.2018,Tromsø,Haugesund,3 713,1,2,T,V,VVU,VVUTV,2,Eurosport Pluss,7,0,,11.5,4.7,1.5,37.717269397763395,42.09709051550441,113.35405751673258
373,05.08.2018,Vålerenga,Sandefjord,7 008,2,2,U,V,VTU,VTUTV,2,Eurosport Pluss,7,0,,19.7,0.7,0,8.216462809598152,8.216462809598152,6.568700558666896
374,05.08.2018,Lillestrøm,Molde,4 529,2,2,U,V,VUU,VUUUV,1,Eurosport Norge,7,0,,15.9,3.8,0,52.678549110759114,52.678549110759114,53.816663086609736
375,06.08.2018,Brann,Start,9 865,4,1,V,V,VVV,VVVUV,0,MAX,1,0,,11.4,2,1.9,12.167235925062082,16.849946387066986,10.850327030298939
376,10.08.2018,Sandefjord,Tromsø,5 319,1,0,V,U,UVT,UVTUT,0,Eurosport Norge,5,0,,-,-,-,,,
377,12.08.2018,Rosenborg,Stabæk,14 046,1,1,U,T,TVV,TVVVU,2,MAX,7,0,,9,2.1,0.8,14.23851324410345,8.407695116557067,17.192677991445176
378,12.08.2018,Start,Ranheim TF,3 714,0,0,U,T,TVV,TVVVV,2,Eurosport Norge,7,0,,12.3,4.3,0,50.53401510351483,50.53401510351483,7.66476874015334
379,12.08.2018,Bodø/Glimt,Kristiansund BK,2 804,3,0,V,V,VUU,VUUUU,2,Eurosport Pluss,7,0,,10.9,2.2,5.6,28.808067080504483,28.808067080504483,59.04839823970596
380,12.08.2018,Molde,Brann,7 640,5,1,V,U,UVT,UVTVV,5,Eurosport Pluss,7,0,,6.5,2,0.1,38.887766885616344,38.887766885616344,8.826837923081913
381,12.08.2018,Sarpsborg 08,Lillestrøm,4 947,2,0,V,U,UVU,UVUUU,4,Eurosport Pluss,7,0,,11.3,1.5,0,24.701992008855296,24.701992008855296,33.203082435582665
382,12.08.2018,Odd,Strømsgodset,5 163,2,2,U,U,UVV,UVVTU,3,Eurosport Norge,7,0,,7.6,0.3,0.1,13.115007011078326,9.104780457799261,11.949518975619416
383,13.08.2018,Haugesund,Vålerenga,4 083,1,0,V,T,TVV,TVVUT,4,MAX,1,0,,10.4,1.9,0,26.57988818367971,18.69480043695725,5.46538547670551
384,19.08.2018,Kristiansund BK,Rosenborg,4 277,0,2,T,V,VUT,VUTUV,1,MAX,7,0,,10.2,2.5,34.5,35.13357889282683,35.13357889282683,57.666536794393146
385,19.08.2018,Brann,Sarpsborg 08,11 103,2,0,V,V,VTV,VTVUT,4,Eurosport Norge,7,0,,12.3,2.7,15.3,12.167235925062082,16.849946387066986,10.850327030298939
386,19.08.2018,Lillestrøm,Haugesund,4 676,1,1,U,V,VUV,VUVUU,2,Eurosport Pluss,7,0,,13.8,2.8,1.5,52.678549110759114,52.678549110759114,53.816663086609736
387,19.08.2018,Ranheim TF,Sandefjord,1 393,1,1,U,U,UTV,UTVVV,1,Eurosport Pluss,7,0,,11.2,6.2,4.3,26.97645560688668,25.580946693105897,29.934763997721255
388,19.08.2018,Stabæk,Molde,4 501,3,1,V,U,UTV,UTVVV,1,Eurosport Pluss,7,0,,-,-,-,,,
389,19.08.2018,Strømsgodset,Start,5 922,1,1,U,U,UVV,UVVVV,4,Eurosport Pluss,7,0,,12.2,1.3,0,8.913903973274172,8.913903973274172,8.913903973274172
390,19.08.2018,Vålerenga,Tromsø,8 254,3,0,V,V,VTV,VTVVT,2,Eurosport Norge,7,0,,13.6,2.4,0,8.216462809598152,8.216462809598152,6.568700558666896
391,20.08.2018,Bodø/Glimt,Odd,2 881,1,1,U,U,UUV,UUVVT,3,MAX,1,0,,10.6,5.2,33.9,28.808067080504483,28.808067080504483,59.04839823970596
392,25.08.2018,Tromsø,Bodø/Glimt,4 701,1,2,T,U,UVV,UVVUU,1,Eurosport Norge,6,0,,12.2,5.5,1,37.717269397763395,42.09709051550441,113.35405751673258
393,26.08.2018,Rosenborg,Strømsgodset,16 519,4,3,V,U,UUV,UUVTU,1,MAX,7,0,,8.9,1.2,0.6,14.23851324410345,13.603099865910426,17.192677991445176
394,26.08.2018,Sarpsborg 08,Kristiansund BK,4 773,1,2,T,V,VVT,VVTVU,2,Eurosport Norge,7,0,,5.5,0.1,0.1,24.701992008855296,24.701992008855296,33.203082435582665
395,26.08.2018,Haugesund,Stabæk,3 822,2,0,V,U,UVT,UVTVV,1,Eurosport Pluss,7,0,,8,1.7,3.2,26.57988818367971,18.69480043695725,5.46538547670551
396,26.08.2018,Molde,Ranheim TF,6 864,2,3,T,U,UUT,UUTVV,5,Eurosport Pluss,7,0,,4.4,2.3,26,38.887766885616344,38.887766885616344,8.826837923081913
397,26.08.2018,Sandefjord,Lillestrøm,3 430,1,3,T,U,UVU,UVUVU,1,Eurosport Pluss,7,0,,-,-,-,,,
398,26.08.2018,Vålerenga,Brann,11 759,2,0,V,V,VVV,VVVUT,3,TVNorge,7,0,,10,2.6,0,8.216462809598152,8.216462809598152,6.568700558666896
399,27.08.2018,Start,Odd,3 494,0,1,T,U,UUU,UUUVV,0,MAX,1,0,,11.5,0.3,31.8,50.53401510351483,18.253852147009173,7.66476874015334
400,01.09.2018,Strømsgodset,Tromsø,5 463,2,4,T,T,TVV,TVVTV,1,MAX,6,0,,6.9,0.2,0.2,8.913903973274172,8.913903973274172,8.913903973274172
401,01.09.2018,Stabæk,Sandefjord,3 055,3,3,U,T,TUV,TUVUV,3,Eurosport Norge,6,0,,-,-,-,,,
402,02.09.2018,Odd,Molde,5 289,1,1,U,T,TUU,TUUUV,2,Eurosport Norge,7,0,,7.2,0.3,0,13.115007011078326,2.2043416974473047,11.949518975619416
403,02.09.2018,Bodø/Glimt,Sarpsborg 08,3 178,3,1,V,T,TVV,TVVTV,1,Eurosport Pluss,7,0,,13.5,2.7,0.5,28.808067080504483,28.808067080504483,59.04839823970596
404,02.09.2018,Brann,Ranheim TF,9 764,1,0,V,T,TUU,TUUTV,2,Eurosport Pluss,7,0,,15,6.3,0,12.167235925062082,16.849946387066986,10.850327030298939
405,02.09.2018,Kristiansund BK,Start,3 861,1,1,U,T,TUU,TUUVV,0,Eurosport Pluss,7,0,,9.6,6.1,1.4,35.13357889282683,18.251197865960034,57.666536794393146
406,02.09.2018,Rosenborg,Haugesund,15 427,1,0,V,V,VUV,VUVTV,4,Eurosport Pluss,7,0,,11.1,1.1,0.2,14.23851324410345,14.23851324410345,14.23851324410345
407,02.09.2018,Lillestrøm,Vålerenga,10 409,0,1,T,T,TUV,TUVUV,1,Eurosport Norge,7,0,1.0,8.8,2.2,0,52.678549110759114,52.678549110759114,53.816663086609736
408,15.09.2018,Haugesund,Brann,7 523,1,3,T,V,VVU,VVUVT,2,Eurosport Norge,6,0,,7.9,1.7,5.5,26.57988818367971,18.69480043695725,5.46538547670551
409,16.09.2018,Start,Lillestrøm,10 419,3,0,V,T,TTU,TTUVU,0,Eurosport Norge,7,0,,6.7,0.4,0,50.53401510351483,50.53401510351483,7.66476874015334
410,16.09.2018,Ranheim TF,Strømsgodset,1 582,1,1,U,V,VTU,VTUUT,1,Eurosport Pluss,7,0,,8.9,5.2,1,26.97645560688668,26.97645560688668,26.97645560688668
411,16.09.2018,Sandefjord,Bodø/Glimt,2 556,1,1,U,U,UTU,UTUVU,1,Eurosport Pluss,7,0,,-,-,-,,,
412,16.09.2018,Sarpsborg 08,Odd,4 886,1,2,T,V,VTV,VTVVT,1,Eurosport Pluss,7,0,,7.7,2.2,0,24.701992008855296,24.701992008855296,33.203082435582665
413,16.09.2018,Tromsø,Stabæk,3 473,0,0,U,U,UVV,UVVUT,1,Eurosport Pluss,7,0,,6.8,2.9,0,37.717269397763395,42.09709051550441,113.35405751673258
414,16.09.2018,Vålerenga,Rosenborg,14 740,2,3,T,V,VVT,VVTUT,2,TVNorge,7,0,,9.8,2.9,4.3,8.216462809598152,8.216462809598152,6.568700558666896
415,17.09.2018,Molde,Kristiansund BK,7 911,3,2,V,U,UTT,UTTVU,2,MAX,1,0,,6.5,11,3,38.887766885616344,38.887766885616344,8.826837923081913
416,22.09.2018,Odd,Vålerenga,6 053,3,2,V,T,TUT,TUTUU,1,Eurosport Norge,6,0,,9.1,0.8,0.6,13.115007011078326,9.104780457799261,11.949518975619416
417,23.09.2018,Stabæk,Ranheim TF,3 161,3,2,V,U,UVT,UVTUU,3,Eurosport Norge,7,0,,-,-,-,,,
418,23.09.2018,Bodø/Glimt,Start,2 700,1,2,T,U,UVT,UVTUV,3,Eurosport Pluss,7,0,,7.5,7,46.2,28.808067080504483,28.808067080504483,59.04839823970596
419,23.09.2018,Brann,Sandefjord,10 832,1,1,U,U,UUT,UUTUV,1,Eurosport Pluss,7,0,,7.9,4.9,16.9,12.167235925062082,16.849946387066986,10.850327030298939
420,23.09.2018,Kristiansund BK,Haugesund,3 753,2,1,V,T,TVV,TVVUV,1,Eurosport Pluss,7,0,,5,1,13.9,35.13357889282683,35.13357889282683,57.666536794393146
421,23.09.2018,Strømsgodset,Molde,7 084,1,2,T,V,VUT,VUTVV,2,Eurosport Pluss,7,0,,8.3,0.5,0,8.913903973274172,8.913903973274172,8.913903973274172
422,23.09.2018,Rosenborg,Sarpsborg 08,13 668,3,1,V,T,TVT,TVTVV,1,Eurosport Norge,7,0,,7.6,3.1,13,14.23851324410345,14.23851324410345,14.23851324410345
423,24.09.2018,Lillestrøm,Tromsø,4 672,1,0,V,V,VTT,VTTUV,0,MAX,1,0,,8.7,4.2,0,52.678549110759114,52.678549110759114,53.816663086609736
424,29.09.2018,Sandefjord,Odd,2 601,1,1,U,U,UUU,UUUTU,1,Eurosport Norge,6,0,,-,-,-,,,
425,30.09.2018,Vålerenga,Start,8 200,3,2,V,T,TVU,TVUTU,2,Eurosport Norge,7,0,,9.1,4.6,0,8.216462809598152,8.216462809598152,6.568700558666896
426,30.09.2018,Haugesund,Bodø/Glimt,4 563,1,0,V,V,VTV,VTVVU,1,Eurosport Pluss,7,0,,9.8,3.9,2.8,26.57988818367971,18.69480043695725,19.745465215622293
427,30.09.2018,Lillestrøm,Stabæk,4 642,3,2,V,V,VVT,VVTTU,1,Eurosport Pluss,7,0,,11.1,6,0.2,52.678549110759114,52.678549110759114,53.816663086609736
428,30.09.2018,Ranheim TF,Kristiansund BK,2 030,2,1,V,V,VUV,VUVTU,1,Eurosport Pluss,7,0,,6.5,2.2,12.2,26.97645560688668,26.97645560688668,26.97645560688668
429,30.09.2018,Sarpsborg 08,Strømsgodset,4 481,0,1,T,V,VTV,VTVTV,1,Eurosport Pluss,7,0,,10,6.1,0,24.701992008855296,24.701992008855296,33.203082435582665
430,30.09.2018,Molde,Rosenborg,9 444,1,0,V,T,TVU,TVUTV,3,Eurosport Norge,7,0,,3,8.7,29.8,38.887766885616344,38.887766885616344,8.826837923081913
431,01.10.2018,Tromsø,Brann,3 538,2,1,V,V,VUT,VUTTV,0,MAX,1,0,,4.2,1.7,3,37.717269397763395,42.09709051550441,113.35405751673258
432,06.10.2018,Stabæk,Vålerenga,4 021,1,1,U,V,VVU,VVUUV,3,MAX,6,0,1.0,-,-,-,,,
433,06.10.2018,Strømsgodset,Haugesund,5 477,0,1,T,V,VVT,VVTVV,1,Eurosport Norge,6,0,,0.7,0.5,0,8.913903973274172,8.913903973274172,8.913903973274172
434,07.10.2018,Rosenborg,Sandefjord,13 908,1,1,U,U,UUU,UUUUT,3,Eurosport Norge,7,0,,0.5,1.6,0.8,14.23851324410345,14.23851324410345,14.23851324410345
435,07.10.2018,Bodø/Glimt,Molde,2 781,0,1,T,V,VTU,VTUVT,1,Eurosport Pluss,7,0,,2.6,1,7.6,28.808067080504483,28.808067080504483,59.04839823970596
436,07.10.2018,Kristiansund BK,Tromsø,4 251,5,1,V,V,VVU,VVUTT,2,Eurosport Pluss,7,0,,1.3,3.5,3,35.13357889282683,18.251197865960034,57.666536794393146
437,07.10.2018,Odd,Ranheim TF,4 762,2,0,V,V,VVU,VVUVT,3,Eurosport Pluss,7,0,,5.9,1.1,0,13.115007011078326,9.104780457799261,11.949518975619416
438,07.10.2018,Start,Sarpsborg 08,3 837,1,0,V,T,TVT,TVTVT,3,Eurosport Pluss,7,0,,6.2,1,0.1,50.53401510351483,50.53401510351483,7.66476874015334
439,07.10.2018,Brann,Lillestrøm,9 282,1,1,U,V,VVV,VVVTT,1,Eurosport Norge,7,0,,2.4,1.4,3,12.167235925062082,16.849946387066986,10.850327030298939
440,20.10.2018,Molde,Sarpsborg 08,8 122,2,2,U,V,VTV,VTVTV,1,MAX,6,0,,4,4.6,0.7,38.887766885616344,38.887766885616344,8.826837923081913
441,20.10.2018,Sandefjord,Strømsgodset,2 545,2,1,V,U,UUU,UUUUU,1,Eurosport Norge,6,0,,-,-,-,,,
442,21.10.2018,Vålerenga,Kristiansund BK,7 927,0,2,T,V,VVV,VVVVU,3,Eurosport Norge,7,0,,7.3,0.7,1.8,8.216462809598152,8.216462809598152,6.568700558666896
443,21.10.2018,Haugesund,Odd,3 931,2,0,V,T,TVV,TVVTV,1,Eurosport Pluss,7,0,,11.5,2.9,0,26.57988818367971,18.69480043695725,19.745465215622293
444,21.10.2018,Lillestrøm,Rosenborg,8 526,0,0,U,U,UVV,UVVVT,3,Eurosport Pluss,7,0,,10,1.6,0,52.678549110759114,52.678549110759114,53.816663086609736
445,21.10.2018,Ranheim TF,Bodø/Glimt,1 601,0,0,U,V,VVV,VVVUV,2,Eurosport Pluss,7,0,,9.3,2,4.6,26.97645560688668,26.97645560688668,26.97645560688668
446,21.10.2018,Tromsø,Start,3 116,1,2,T,V,VVV,VVVUT,2,Eurosport Pluss,7,0,,6,11.8,4,37.717269397763395,42.09709051550441,113.35405751673258
447,21.10.2018,Stabæk,Brann,4 031,1,2,T,U,UVV,UVVUU,1,Eurosport Norge,7,0,,-,-,-,,,
448,27.10.2018,Strømsgodset,Vålerenga,6 855,2,0,V,V,VTT,VTTTU,0,Eurosport Norge,6,0,,0.4,0.5,0,8.913903973274172,8.913903973274172,8.913903973274172
449,28.10.2018,Odd,Tromsø,4 943,1,0,V,V,VVU,VVUVT,2,Eurosport Norge,7,0,,-1,4,0,13.115007011078326,9.104780457799261,11.949518975619416
450,28.10.2018,Bodø/Glimt,Stabæk,2 887,1,1,U,T,TUV,TUVVU,0,Eurosport Pluss,7,0,,-2.8,1.2,0,28.808067080504483,28.808067080504483,59.04839823970596
451,28.10.2018,Kristiansund BK,Sandefjord,4 045,3,2,V,V,VUU,VUUUU,5,Eurosport Pluss,7,0,,-2.9,2.1,0,35.13357889282683,35.13357889282683,57.666536794393146
452,28.10.2018,Ranheim TF,Lillestrøm,1 825,3,2,V,U,UUV,UUVVV,0,Eurosport Pluss,7,0,,-2.7,1.2,0,26.97645560688668,26.97645560688668,26.97645560688668
453,28.10.2018,Sarpsborg 08,Haugesund,4 555,2,1,V,V,VTV,VTVVT,0,Eurosport Pluss,7,0,,-2.1,3.3,0,24.701992008855296,24.701992008855296,33.203082435582665
454,28.10.2018,Brann,Rosenborg,12 914,1,2,T,U,UUV,UUVVT,1,TVNorge,7,0,,-2.1,1.7,0,12.167235925062082,16.849946387066986,10.850327030298939
455,29.10.2018,Start,Molde,6 425,1,3,T,T,TVV,TVVTV,1,MAX,1,0,,-1.3,1.4,0,50.53401510351483,50.53401510351483,7.66476874015334
456,03.11.2018,Stabæk,Kristiansund BK,3 471,0,1,T,U,UTU,UTUVV,1,Eurosport Norge,6,0,,-,-,-,,,
457,04.11.2018,Tromsø,Molde,3 130,2,4,T,V,VTV,VTVVV,1,Eurosport Norge,7,0,,4.1,9.6,3,37.717269397763395,42.09709051550441,113.35405751673258
458,04.11.2018,Haugesund,Ranheim TF,3 430,2,0,V,V,VVT,VVTVV,2,Eurosport Pluss,7,0,,10.6,8,2.3,26.57988818367971,18.69480043695725,5.291335114828507
459,04.11.2018,Rosenborg,Odd,13 983,3,1,V,V,VVV,VVVUV,1,Eurosport Pluss,7,0,,6.7,2.2,2,14.23851324410345,14.23851324410345,14.23851324410345
460,04.11.2018,Sandefjord,Start,2 505,4,1,V,V,VVU,VVUUU,2,Eurosport Pluss,7,0,,-,-,-,,,
461,04.11.2018,Vålerenga,Sarpsborg 08,7 918,0,0,U,V,VUV,VUVTV,0,Eurosport Pluss,7,0,,9.1,5.9,0.2,8.216462809598152,8.216462809598152,6.568700558666896
462,04.11.2018,Brann,Strømsgodset,8 887,3,1,V,V,VVT,VVTTT,1,Eurosport Norge,7,0,,11.1,12.1,5.7,12.167235925062082,16.849946387066986,10.850327030298939
463,05.11.2018,Lillestrøm,Bodø/Glimt,5 510,1,1,U,V,VUU,VUUVV,0,MAX,1,0,,6.5,2.3,1.5,52.678549110759114,52.678549110759114,53.816663086609736
464,11.11.2018,Kristiansund BK,Brann,4 215,3,1,V,T,TVT,TVTVV,3,MAX,7,0,,9.2,0.9,0.5,35.13357889282683,35.13357889282683,57.666536794393146
465,11.11.2018,Start,Rosenborg,5 481,0,1,T,V,VTT,VTTVV,1,TVNorge,7,0,,9.4,3.9,17.9,50.53401510351483,50.53401510351483,7.428368758361701
466,11.11.2018,Bodø/Glimt,Vålerenga,4 023,1,1,U,U,UUU,UUUTV,1,Eurosport Pluss,7,0,,8.5,2.2,0,28.808067080504483,28.808067080504483,59.04839823970596
467,11.11.2018,Molde,Haugesund,6 641,2,0,V,V,VVV,VVVTV,2,Eurosport Pluss,7,0,,8.7,5.2,0.1,38.887766885616344,38.887766885616344,8.826837923081913
468,11.11.2018,Odd,Stabæk,4 823,0,3,T,T,TUT,TUTUV,1,Eurosport Pluss,7,0,,8.7,1,56.7,13.115007011078326,9.104780457799261,11.949518975619416
469,11.11.2018,Ranheim TF,Tromsø,1 729,1,2,T,V,VVU,VVUVV,3,Eurosport Pluss,7,0,,9.9,2.1,0.4,26.97645560688668,26.97645560688668,26.97645560688668
470,11.11.2018,Sarpsborg 08,Sandefjord,5 106,1,1,U,U,UVU,UVUVT,2,Eurosport Pluss,7,0,,7.6,5.7,25.8,24.701992008855296,24.701992008855296,33.203082435582665
471,11.11.2018,Strømsgodset,Lillestrøm,5 695,2,2,U,U,UVU,UVUUV,2,Eurosport Pluss,7,0,,8.7,3.4,14.9,8.913903973274172,8.913903973274172,1.4497060008909217
472,24.11.2018,Brann,Odd,11 677,1,0,V,T,TVV,TVVVV,3,MAX,6,0,,0.2,0.8,0,12.167235925062082,16.849946387066986,10.850327030298939
473,24.11.2018,Rosenborg,Bodø/Glimt,19 086,1,1,U,U,UUU,UUUUT,3,TVNorge,6,0,,-1.3,1.2,0,14.23851324410345,14.23851324410345,14.23851324410345
474,24.11.2018,Haugesund,Start,3 841,3,1,V,V,VVV,VVVVT,2,Eurosport Pluss,6,0,,-3.4,1.1,0,26.57988818367971,18.69480043695725,19.745465215622293
475,24.11.2018,Lillestrøm,Kristiansund BK,6 783,2,0,V,U,UUV,UUVUU,1,Eurosport Pluss,6,0,,-0.4,1.3,0,52.678549110759114,52.678549110759114,52.678549110759114
476,24.11.2018,Sandefjord,Molde,2 564,1,3,T,U,UVV,UVVVU,4,Eurosport Pluss,6,0,,-,-,-,,,
477,24.11.2018,Stabæk,Strømsgodset,4 938,2,2,U,T,TTU,TTUTU,0,Eurosport Pluss,6,0,,-,-,-,,,
478,24.11.2018,Tromsø,Sarpsborg 08,2 998,0,2,T,U,UUV,UUVUV,2,Eurosport Pluss,6,0,,3.4,10.7,17.6,37.717269397763395,42.641464621333974,113.35405751673258
479,24.11.2018,Vålerenga,Ranheim TF,7 860,2,1,V,T,TVV,TVVUV,0,Eurosport Pluss,6,0,,-6,3.8,0,8.216462809598152,8.216462809598152,6.568700558666896
